,gnina_affinity_mean,gnina_affinity_median,gnina_affinity_max,gnina_affinity_min,Active
active_1,-5.59,-5.52,-7.54,-4.01,1
active_10,-5.78,-5.73,-7.72,-3.32,1
active_100,-5.97,-5.92,-7.44,-5.12,1
active_1000,-5.65,-5.6,-6.8,-4.81,0
active_1001,-5.65,-5.62,-6.73,-4.75,0
active_1002,-5.53,-5.48,-6.44,-4.62,0
active_1003,-5.83,-5.77,-6.84,-5.07,0
active_1004,-5.68,-5.64,-6.55,-4.79,0
active_1005,-6.27,-6.14,-8.13,-5.23,0
active_1006,-6.37,-6.26,-7.95,-5.38,0
active_1007,-6.26,-6.04,-7.88,-5.2,0
active_1008,-6.38,-6.36,-7.55,-5.48,0
active_1009,-5.96,-5.94,-7.25,-5.11,0
active_101,-6.29,-6.2,-7.98,-5.33,1
active_1010,-5.86,-5.8,-7.39,-5.05,0
active_1011,-5.77,-5.7,-7.25,-5.03,0
active_1012,-5.9,-5.84,-7.25,-5.08,0
active_1013,-5.88,-5.8,-7.4,-5.11,0
active_1014,-5.79,-5.73,-7.36,-5.01,0
active_1015,-5.52,-5.46,-6.89,-4.76,0
active_1016,-5.89,-5.83,-7.29,-5.03,0
active_1017,-6.36,-6.32,-7.56,-5.4,0
active_1018,-5.28,-5.22,-6.79,-4.42,0
active_1019,-6.37,-6.33,-7.5,-5.57,0
active_102,-6.18,-6.09,-7.61,-5.39,1
active_1020,-5.8,-5.74,-7.41,-4.98,0
active_1021,-5.64,-5.53,-6.82,-4.69,0
active_1022,-6.2,-6.16,-7.18,-5.22,0
active_1023,-6.32,-6.28,-7.53,-5.39,0
active_1024,-5.87,-5.83,-7.27,-5.18,0
active_1025,-5.79,-5.74,-7.2,-5.1,0
active_1026,-5.82,-5.78,-6.93,-5.1,0
active_1027,-6.24,-6.13,-7.88,-5.34,0
active_1028,-6.15,-6.1,-7.42,-5.3,0
active_1029,-5.97,-5.94,-7.59,-5.26,0
active_103,-6.16,-6.05,-7.75,-5.39,1
active_1030,-6.26,-6.16,-7.69,-5.42,0
active_1031,-6.41,-6.31,-7.65,-5.53,0
active_1032,-6.35,-6.21,-7.79,-5.49,0
active_1033,-6.07,-6.02,-7.43,-5.25,0
active_1034,-6.35,-6.24,-7.8,-5.52,0
active_1035,-6.28,-6.17,-7.88,-5.5,0
active_1036,-5.91,-5.86,-7.58,-5.11,0
active_1037,-5.76,-5.72,-7.12,-4.95,0
active_1038,-5.74,-5.69,-7.28,-4.9,0
active_1039,-5.76,-5.71,-7.42,-4.92,0
active_104,-6.07,-6.0,-7.68,-5.22,1
active_1040,-5.82,-5.77,-7.39,-4.9,0
active_1041,-5.72,-5.65,-7.39,-4.85,0
active_1042,-5.88,-5.83,-7.38,-4.94,0
active_1043,-5.82,-5.76,-7.36,-4.92,0
active_1044,-5.72,-5.65,-7.42,-4.88,0
active_1045,-5.42,-5.38,-6.81,-4.55,0
active_1046,-5.84,-5.8,-7.3,-4.93,0
active_1047,-5.78,-5.72,-7.31,-4.95,0
active_1048,-5.7,-5.63,-7.05,-4.87,0
active_1049,-5.8,-5.77,-7.09,-5.0,0
active_105,-6.27,-6.18,-7.84,-5.34,1
active_1050,-5.7,-5.63,-7.35,-4.84,0
active_1051,-5.71,-5.65,-7.36,-4.87,0
active_1052,-5.8,-5.74,-7.3,-5.02,0
active_1053,-5.89,-5.84,-7.51,-5.1,0
active_1054,-5.85,-5.8,-7.44,-4.96,0
active_1055,-6.02,-5.98,-7.19,-5.15,0
active_1056,-6.29,-6.15,-8.02,-5.31,0
active_1057,-5.96,-5.9,-7.22,-5.12,0
active_1058,-5.88,-5.82,-7.03,-5.02,0
active_1059,-6.25,-6.21,-7.4,-5.44,0
active_106,-6.09,-6.0,-7.89,-5.34,1
active_1060,-5.98,-5.93,-7.11,-5.16,0
active_1061,-6.19,-6.15,-7.27,-5.37,0
active_1062,-6.02,-5.99,-7.18,-5.18,0
active_1063,-6.12,-6.08,-7.32,-5.36,0
active_1064,-6.09,-6.05,-7.31,-5.17,0
active_1065,-6.13,-6.08,-7.11,-5.19,0
active_1066,-6.0,-5.95,-7.11,-5.09,0
active_1067,-5.97,-5.92,-7.14,-5.18,0
active_1068,-6.04,-6.0,-7.12,-5.31,0
active_1069,-6.14,-6.09,-7.23,-5.36,0
active_107,-6.14,-6.04,-7.63,-5.34,1
active_1070,-6.16,-6.07,-7.29,-5.43,0
active_1071,-5.58,-5.52,-6.67,-4.68,0
active_1072,-5.75,-5.68,-7.24,-5.02,0
active_1073,-6.24,-6.16,-7.83,-5.51,0
active_1074,-6.38,-6.3,-8.57,-5.43,0
active_1075,-5.82,-5.76,-7.47,-4.83,0
active_1076,-5.81,-5.75,-6.93,-5.0,0
active_1077,-5.67,-5.62,-6.63,-4.71,0
active_1078,-5.56,-5.51,-6.58,-4.66,0
active_1079,-5.67,-5.6,-6.96,-4.79,0
active_108,-6.3,-6.19,-7.77,-5.38,1
active_1080,-5.86,-5.8,-6.85,-5.15,0
active_1081,-5.92,-5.87,-6.98,-4.95,0
active_1082,-5.79,-5.73,-7.07,-5.0,0
active_1083,-5.84,-5.76,-6.97,-5.1,0
active_1084,-5.59,-5.54,-6.61,-4.66,0
active_1085,-5.68,-5.62,-7.3,-4.99,0
active_1086,-6.12,-6.1,-7.3,-5.15,0
active_1087,-5.95,-5.91,-7.22,-5.16,0
active_1088,-6.19,-6.14,-7.36,-5.34,0
active_1089,-6.05,-6.01,-7.09,-5.34,0
active_109,-6.15,-6.04,-7.6,-5.28,1
active_1090,-5.56,-5.53,-6.66,-4.72,0
active_1091,-6.08,-6.02,-7.05,-5.37,0
active_1092,-6.17,-6.12,-7.56,-5.29,0
active_1093,-5.56,-5.53,-6.83,-4.87,0
active_1094,-5.69,-5.64,-7.07,-5.03,0
active_1095,-6.64,-6.51,-8.16,-5.56,0
active_1096,-5.26,-5.21,-6.87,-4.5,0
active_1097,-5.52,-5.46,-7.24,-4.62,0
active_1098,-5.5,-5.44,-7.25,-4.7,0
active_1099,-5.71,-5.68,-6.67,-4.84,0
active_11,-5.87,-5.8,-7.36,-4.97,1
active_110,-6.26,-6.19,-8.22,-5.55,1
active_1100,-5.45,-5.4,-6.88,-4.75,0
active_1101,-5.49,-5.42,-6.89,-4.67,0
active_1102,-5.44,-5.37,-6.74,-4.51,0
active_1103,-5.39,-5.37,-6.68,-4.55,0
active_1104,-5.51,-5.45,-6.92,-4.77,0
active_1105,-5.67,-5.63,-6.95,-4.94,0
active_1106,-5.63,-5.58,-6.9,-4.56,0
active_1107,-5.69,-5.58,-7.22,-4.85,0
active_1108,-5.64,-5.54,-7.29,-4.88,0
active_1109,-5.41,-5.36,-6.85,-4.67,0
active_111,-6.09,-6.04,-7.51,-5.44,1
active_1110,-4.94,-4.88,-6.35,-4.2,0
active_1111,-5.41,-5.33,-6.73,-4.4,0
active_1112,-5.74,-5.66,-7.48,-4.8,0
active_1113,-5.58,-5.52,-7.32,-4.62,0
active_1114,-5.72,-5.7,-6.93,-4.96,0
active_1115,-5.53,-5.48,-7.14,-4.8,0
active_1116,-5.82,-5.71,-7.34,-4.98,0
active_1117,-5.85,-5.76,-7.25,-4.85,0
active_1118,-5.79,-5.76,-7.09,-5.01,0
active_1119,-5.48,-5.39,-7.16,-4.52,0
active_112,-6.06,-5.97,-7.92,-5.31,1
active_1120,-5.32,-5.27,-6.59,-4.62,0
active_1121,-5.32,-5.26,-6.98,-4.56,0
active_1122,-5.59,-5.52,-7.1,-4.81,0
active_1123,-5.94,-5.9,-7.5,-4.94,0
active_1124,-5.33,-5.28,-6.72,-4.6,0
active_1125,-5.55,-5.47,-7.23,-4.65,0
active_1126,-5.54,-5.49,-6.93,-4.67,0
active_1127,-5.62,-5.56,-7.05,-4.75,0
active_1128,-5.58,-5.51,-7.0,-4.73,0
active_1129,-5.31,-5.25,-6.9,-4.45,0
active_113,-6.19,-6.09,-7.58,-5.42,1
active_1130,-6.13,-6.03,-7.92,-5.43,0
active_1131,-6.06,-5.97,-7.78,-5.24,0
active_1132,-5.88,-5.82,-7.29,-5.06,0
active_1133,-5.73,-5.61,-7.28,-5.05,0
active_1134,-6.32,-6.24,-8.08,-5.64,0
active_1135,-6.3,-6.2,-8.07,-5.57,0
active_1136,-6.22,-6.14,-7.95,-5.43,0
active_1137,-5.74,-5.67,-7.15,-5.01,0
active_1138,-6.46,-6.34,-8.14,-5.49,0
active_1139,-6.11,-6.05,-7.73,-5.1,0
active_114,-6.32,-6.2,-7.87,-5.47,1
active_1140,-5.86,-5.81,-7.28,-5.07,0
active_1141,-6.14,-6.1,-7.18,-5.26,0
active_1142,-5.18,-5.11,-6.75,-4.33,0
active_1143,-5.64,-5.54,-7.25,-4.74,0
active_1144,-5.41,-5.36,-6.62,-4.35,0
active_1145,-5.37,-5.31,-6.82,-4.63,0
active_1146,-5.4,-5.36,-6.64,-4.5,0
active_1147,-5.42,-5.39,-6.64,-4.53,0
active_1148,-5.36,-5.31,-6.7,-4.51,0
active_1149,-5.17,-5.12,-6.56,-4.28,0
active_115,-6.16,-6.08,-7.53,-5.4,1
active_1150,-5.57,-5.5,-6.94,-4.77,0
active_1151,-5.7,-5.64,-7.13,-5.0,0
active_1152,-5.83,-5.78,-6.86,-4.86,0
active_1153,-5.93,-5.88,-6.98,-5.15,0
active_1154,-5.98,-5.95,-7.09,-5.19,0
active_1155,-6.11,-6.06,-7.32,-5.21,0
active_1156,-6.02,-5.99,-7.05,-5.07,0
active_1157,-6.04,-6.0,-7.2,-5.04,0
active_1158,-5.83,-5.77,-7.5,-4.94,0
active_1159,-5.72,-5.65,-7.3,-4.71,0
active_116,-6.09,-5.99,-7.46,-5.25,1
active_1160,-5.62,-5.56,-7.1,-4.61,0
active_1161,-5.47,-5.39,-6.91,-4.68,0
active_1162,-5.69,-5.65,-7.29,-4.97,0
active_1163,-5.76,-5.68,-7.26,-4.98,0
active_1164,-5.84,-5.77,-7.22,-4.96,0
active_1165,-5.76,-5.72,-7.03,-5.15,0
active_1166,-5.71,-5.66,-7.41,-4.87,0
active_1167,-5.74,-5.67,-7.11,-5.05,0
active_1168,-5.72,-5.66,-7.14,-4.62,0
active_1169,-6.04,-5.97,-7.25,-5.13,0
active_117,-6.29,-6.15,-7.93,-5.53,1
active_1170,-5.7,-5.64,-6.95,-5.01,0
active_1171,-6.01,-5.99,-7.09,-5.0,0
active_1172,-6.18,-6.13,-7.58,-5.2,0
active_1173,-5.71,-5.64,-7.3,-4.85,0
active_1174,-5.7,-5.67,-7.28,-4.84,0
active_1175,-5.87,-5.82,-7.51,-5.01,0
active_1176,-5.99,-5.92,-7.15,-5.02,0
active_1177,-5.62,-5.56,-6.66,-4.96,0
active_1178,-5.93,-5.87,-7.14,-4.99,0
active_1179,-5.9,-5.87,-7.49,-4.93,0
active_118,-6.08,-6.0,-7.98,-5.29,1
active_1180,-5.87,-5.84,-7.23,-4.99,0
active_1181,-6.01,-5.95,-7.36,-5.15,0
active_1182,-5.95,-5.88,-7.54,-5.2,0
active_1183,-5.89,-5.83,-7.37,-5.13,0
active_1184,-6.08,-6.0,-7.72,-5.24,0
active_1185,-5.78,-5.74,-7.65,-5.04,0
active_1186,-5.92,-5.89,-7.46,-4.96,0
active_1187,-5.51,-5.44,-7.15,-4.77,0
active_1188,-6.02,-6.01,-7.25,-5.14,0
active_1189,-5.81,-5.76,-6.75,-5.17,0
active_119,-5.97,-5.88,-7.63,-5.2,1
active_1190,-6.09,-6.02,-7.4,-5.09,0
active_1191,-5.93,-5.87,-6.95,-5.28,0
active_1192,-5.67,-5.62,-7.09,-4.73,0
active_1193,-5.64,-5.6,-7.11,-4.83,0
active_1194,-6.0,-5.95,-7.33,-5.08,0
active_1195,-6.09,-6.05,-7.4,-5.39,0
active_1196,-5.37,-5.34,-6.85,-4.53,0
active_1197,-5.73,-5.68,-7.22,-4.77,0
active_1198,-5.54,-5.49,-6.91,-4.87,0
active_1199,-5.44,-5.4,-6.9,-4.71,0
active_12,-5.82,-5.79,-7.47,-3.27,1
active_120,-6.01,-5.94,-7.59,-5.26,1
active_1200,-5.61,-5.55,-7.11,-4.92,0
active_1201,-5.62,-5.58,-6.88,-4.97,0
active_1202,-5.24,-5.2,-6.52,-4.4,0
active_1203,-5.33,-5.27,-6.85,-4.55,0
active_1204,-5.9,-5.84,-7.41,-5.12,0
active_1205,-5.66,-5.62,-7.05,-5.03,0
active_1206,-5.65,-5.6,-7.0,-4.88,0
active_1207,-5.79,-5.7,-7.37,-5.06,0
active_1208,-5.78,-5.69,-7.28,-5.14,0
active_1209,-5.63,-5.58,-7.17,-4.9,0
active_121,-6.17,-6.1,-7.81,-5.28,1
active_1210,-5.92,-5.82,-7.27,-4.98,0
active_1211,-5.96,-5.91,-7.25,-4.98,0
active_1212,-6.04,-5.99,-7.38,-5.16,0
active_1213,-6.08,-6.05,-7.26,-5.19,0
active_1214,-5.43,-5.36,-7.01,-4.53,0
active_1215,-5.59,-5.54,-6.75,-4.84,0
active_1216,-5.52,-5.48,-7.04,-4.58,0
active_1217,-5.86,-5.79,-7.44,-4.89,0
active_1218,-5.86,-5.82,-7.02,-5.06,0
active_1219,-5.86,-5.75,-7.42,-4.85,0
active_122,-6.29,-6.18,-7.88,-5.24,1
active_1220,-5.65,-5.58,-7.47,-4.86,0
active_1221,-5.5,-5.44,-6.87,-4.79,0
active_1222,-5.92,-5.87,-7.29,-5.03,0
active_1223,-5.97,-5.93,-7.31,-5.11,0
active_1224,-5.61,-5.55,-7.07,-4.88,0
active_1225,-5.96,-5.91,-7.35,-5.22,0
active_1226,-6.34,-6.3,-7.47,-5.47,0
active_1227,-5.87,-5.81,-6.91,-5.19,0
active_1228,-5.71,-5.63,-6.82,-4.94,0
active_1229,-5.8,-5.75,-6.9,-5.18,0
active_123,-6.0,-5.91,-7.62,-5.12,1
active_1230,-5.82,-5.74,-7.16,-5.16,0
active_1231,-5.86,-5.86,-6.96,-5.07,0
active_1232,-5.91,-5.87,-6.9,-5.24,0
active_1233,-5.87,-5.81,-6.95,-5.2,0
active_1234,-5.81,-5.74,-7.06,-5.02,0
active_1235,-5.71,-5.64,-6.86,-4.84,0
active_1236,-5.44,-5.35,-7.04,-4.64,0
active_1237,-5.93,-5.88,-6.93,-5.3,0
active_1238,-5.89,-5.82,-7.14,-5.26,0
active_1239,-5.81,-5.73,-7.12,-5.23,0
active_124,-6.23,-6.15,-7.81,-5.51,1
active_1240,-5.89,-5.81,-6.95,-5.16,0
active_1241,-5.77,-5.71,-7.17,-5.06,0
active_1242,-5.37,-5.32,-6.78,-4.65,0
active_1243,-5.97,-5.89,-7.21,-5.25,0
active_1244,-5.93,-5.82,-7.15,-5.25,0
active_1245,-5.69,-5.62,-7.04,-5.05,0
active_1246,-5.47,-5.4,-7.21,-4.74,0
active_1247,-5.96,-5.9,-7.16,-5.06,0
active_1248,-5.86,-5.79,-6.96,-5.25,0
active_1249,-5.92,-5.84,-7.21,-5.03,0
active_125,-6.32,-6.19,-7.86,-5.37,1
active_1250,-5.64,-5.59,-6.67,-4.66,0
active_1251,-5.7,-5.64,-6.96,-4.83,0
active_1252,-5.7,-5.6,-6.97,-4.96,0
active_1253,-5.66,-5.6,-6.73,-4.82,0
active_1254,-5.45,-5.4,-6.67,-4.57,0
active_1255,-5.68,-5.61,-6.78,-4.92,0
active_1256,-5.67,-5.63,-6.72,-4.89,0
active_1257,-5.52,-5.46,-6.85,-4.76,0
active_1258,-5.52,-5.45,-6.65,-4.64,0
active_1259,-5.48,-5.43,-6.78,-4.65,0
active_126,-6.09,-6.0,-7.96,-5.25,1
active_1260,-5.62,-5.57,-6.86,-4.58,0
active_1261,-5.76,-5.68,-6.88,-4.82,0
active_1262,-5.74,-5.68,-6.72,-5.0,0
active_1263,-5.64,-5.6,-6.63,-4.91,0
active_1264,-5.6,-5.48,-6.97,-4.86,0
active_1265,-5.77,-5.7,-6.79,-4.91,0
active_1266,-5.81,-5.75,-6.9,-4.98,0
active_1267,-5.8,-5.75,-6.89,-4.99,0
active_1268,-5.84,-5.8,-6.82,-4.8,0
active_1269,-5.85,-5.81,-6.81,-5.08,0
active_127,-6.12,-6.03,-7.82,-5.12,1
active_1270,-5.96,-5.93,-6.79,-5.23,0
active_1271,-6.22,-6.2,-7.24,-5.37,0
active_1272,-6.07,-6.03,-7.26,-5.14,0
active_1273,-6.14,-6.11,-7.36,-5.26,0
active_1274,-6.07,-6.0,-7.13,-5.08,0
active_1275,-6.32,-6.29,-7.49,-5.51,0
active_1276,-6.1,-6.08,-7.19,-5.33,0
active_1277,-5.91,-5.87,-7.68,-5.14,0
active_1278,-6.45,-6.44,-7.34,-5.82,0
active_1279,-6.14,-6.09,-7.19,-5.24,0
active_128,-6.21,-6.12,-7.78,-5.38,1
active_1280,-5.83,-5.8,-6.72,-5.06,0
active_1281,-6.3,-6.28,-7.53,-5.31,0
active_1282,-6.2,-6.15,-7.37,-5.39,0
active_1283,-6.41,-6.38,-7.6,-5.53,0
active_1284,-6.3,-6.28,-7.45,-5.38,0
active_1285,-6.13,-6.07,-7.35,-5.34,0
active_1286,-6.27,-6.25,-7.5,-5.32,0
active_1287,-6.07,-6.02,-7.18,-4.97,0
active_1288,-5.54,-5.49,-7.44,-4.5,0
active_1289,-6.26,-6.23,-7.37,-5.4,0
active_129,-6.03,-5.96,-7.94,-5.16,1
active_1290,-5.71,-5.63,-6.99,-4.92,0
active_1291,-6.04,-6.0,-7.15,-5.23,0
active_1292,-6.06,-6.02,-7.17,-5.19,0
active_1293,-6.06,-6.01,-7.2,-4.97,0
active_1294,-5.67,-5.6,-7.12,-4.94,0
active_1295,-5.6,-5.55,-7.13,-4.96,0
active_1296,-6.04,-6.0,-7.06,-5.27,0
active_1297,-5.91,-5.86,-6.94,-5.15,0
active_1298,-5.9,-5.84,-7.25,-5.07,0
active_1299,-6.11,-6.06,-7.5,-5.3,0
active_13,-5.97,-5.91,-7.63,-4.11,1
active_130,-6.25,-6.15,-7.78,-5.4,1
active_1300,-5.82,-5.77,-6.91,-5.1,0
active_1301,-5.95,-5.91,-7.2,-4.91,0
active_1302,-6.26,-6.22,-7.36,-5.45,0
active_1303,-5.84,-5.79,-6.95,-4.91,0
active_1304,-6.0,-5.98,-7.06,-5.2,0
active_1305,-6.22,-6.18,-7.3,-5.33,0
active_1306,-6.08,-6.04,-7.16,-5.26,0
active_1307,-6.21,-6.17,-7.33,-5.33,0
active_1308,-6.12,-6.09,-7.17,-5.24,0
active_1309,-5.72,-5.68,-6.64,-4.86,0
active_131,-6.16,-6.06,-7.76,-5.25,1
active_1310,-6.15,-6.08,-7.75,-5.27,0
active_1311,-6.3,-6.2,-7.84,-5.42,0
active_1312,-6.3,-6.21,-7.83,-5.45,0
active_1313,-6.12,-6.09,-7.27,-5.19,0
active_1314,-6.36,-6.31,-8.1,-5.43,0
active_1315,-6.3,-6.22,-7.64,-5.31,0
active_1316,-6.01,-5.92,-7.8,-5.1,0
active_1317,-6.39,-6.31,-7.79,-5.64,0
active_1318,-6.35,-6.27,-7.65,-5.6,0
active_1319,-6.12,-6.05,-7.66,-5.29,0
active_132,-6.05,-5.98,-7.92,-5.24,1
active_1320,-6.33,-6.22,-8.2,-5.58,0
active_1321,-6.18,-6.13,-7.56,-5.32,0
active_1322,-6.32,-6.23,-7.66,-5.48,0
active_1323,-6.26,-6.16,-7.51,-5.4,0
active_1324,-6.17,-6.1,-7.6,-5.38,0
active_1325,-6.15,-6.08,-7.77,-5.32,0
active_1326,-6.18,-6.07,-8.13,-5.2,0
active_1327,-6.45,-6.38,-7.85,-5.62,0
active_1328,-6.42,-6.31,-7.76,-5.51,0
active_1329,-6.4,-6.29,-7.62,-5.55,0
active_133,-6.06,-6.0,-7.32,-5.27,1
active_1330,-6.39,-6.29,-8.1,-5.6,0
active_1331,-6.39,-6.27,-7.48,-5.44,0
active_1332,-6.43,-6.35,-7.66,-5.66,0
active_1333,-6.38,-6.28,-7.66,-5.5,0
active_1334,-6.25,-6.18,-8.12,-5.46,0
active_1335,-6.6,-6.53,-8.17,-5.67,0
active_1336,-6.46,-6.35,-7.65,-5.57,0
active_1337,-6.51,-6.4,-7.89,-5.55,0
active_1338,-6.19,-6.1,-7.92,-5.31,0
active_1339,-6.33,-6.23,-7.74,-5.49,0
active_134,-6.33,-6.22,-7.89,-5.53,1
active_1340,-6.31,-6.21,-7.85,-5.36,0
active_1341,-6.22,-6.17,-8.05,-5.42,0
active_1342,-6.1,-6.03,-7.75,-5.1,0
active_1343,-6.27,-6.16,-7.95,-5.25,0
active_1344,-6.31,-6.19,-8.0,-5.48,0
active_1345,-6.16,-6.1,-8.15,-5.48,0
active_1346,-6.28,-6.16,-7.84,-5.42,0
active_1347,-6.21,-6.14,-7.69,-5.43,0
active_1348,-6.06,-5.99,-7.68,-5.37,0
active_1349,-6.17,-6.08,-7.74,-5.25,0
active_135,-6.18,-6.06,-7.5,-5.34,1
active_1350,-6.15,-6.07,-7.77,-5.37,0
active_1351,-6.22,-6.17,-8.06,-5.4,0
active_1352,-6.11,-6.02,-7.5,-5.43,0
active_1353,-6.29,-6.19,-7.58,-5.44,0
active_1354,-6.01,-5.93,-7.7,-5.16,0
active_1355,-6.0,-5.94,-7.74,-5.18,0
active_1356,-6.35,-6.27,-7.97,-5.57,0
active_1357,-6.27,-6.2,-8.07,-5.52,0
active_1358,-6.35,-6.25,-8.01,-5.6,0
active_1359,-6.1,-6.04,-7.77,-5.27,0
active_136,-6.23,-6.12,-7.71,-5.29,1
active_1360,-6.3,-6.21,-8.22,-5.4,0
active_1361,-6.35,-6.24,-7.82,-5.52,0
active_1362,-6.34,-6.23,-7.92,-5.4,0
active_1363,-6.39,-6.27,-8.03,-5.58,0
active_1364,-6.44,-6.31,-8.01,-5.54,0
active_1365,-6.18,-6.12,-7.68,-5.37,0
active_1366,-6.31,-6.2,-7.77,-5.53,0
active_1367,-5.96,-5.86,-7.7,-5.07,0
active_1368,-6.23,-6.16,-7.66,-5.36,0
active_1369,-6.3,-6.21,-8.09,-5.4,0
active_137,-6.27,-6.15,-7.81,-5.52,1
active_1370,-6.28,-6.18,-7.95,-5.35,0
active_1371,-6.27,-6.18,-7.57,-5.31,0
active_1372,-6.14,-6.08,-7.84,-5.36,0
active_1373,-6.44,-6.35,-7.94,-5.65,0
active_1374,-6.2,-6.12,-7.79,-5.54,0
active_1375,-6.31,-6.17,-7.83,-5.42,0
active_1376,-6.28,-6.14,-7.86,-5.34,0
active_1377,-6.36,-6.24,-7.9,-5.36,0
active_1378,-6.34,-6.21,-7.88,-5.55,0
active_1379,-6.38,-6.32,-7.56,-5.58,0
active_138,-6.07,-6.0,-7.71,-5.28,1
active_1380,-6.16,-6.04,-7.89,-5.32,0
active_1381,-6.0,-5.88,-7.8,-5.24,0
active_1382,-6.13,-6.02,-7.78,-5.32,0
active_1383,-6.09,-5.99,-7.73,-5.34,0
active_1384,-6.12,-6.02,-7.78,-5.36,0
active_1385,-6.25,-6.18,-7.6,-5.4,0
active_1386,-6.14,-6.04,-7.87,-5.46,0
active_1387,-6.1,-6.0,-7.85,-5.39,0
active_1388,-6.35,-6.25,-7.91,-5.58,0
active_1389,-6.72,-6.64,-8.13,-5.67,0
active_139,-6.08,-5.98,-7.7,-5.15,1
active_1390,-6.69,-6.58,-8.04,-5.72,0
active_1391,-6.07,-5.96,-7.64,-5.23,0
active_1392,-6.5,-6.42,-7.96,-5.47,0
active_1393,-6.21,-6.05,-8.05,-5.25,0
active_1394,-6.33,-6.17,-8.13,-5.32,0
active_1395,-6.32,-6.19,-7.96,-5.51,0
active_1396,-6.32,-6.2,-8.01,-5.54,0
active_1397,-6.18,-6.06,-8.17,-5.2,0
active_1398,-6.45,-6.38,-8.29,-5.74,0
active_1399,-6.28,-6.2,-7.78,-5.45,0
active_14,-6.03,-5.96,-7.8,-3.82,1
active_140,-6.03,-5.96,-7.76,-5.25,1
active_1400,-6.3,-6.21,-7.7,-5.42,0
active_1401,-6.19,-6.09,-8.16,-5.32,0
active_1402,-6.35,-6.26,-8.2,-5.54,0
active_1403,-6.35,-6.28,-8.14,-5.68,0
active_1404,-6.29,-6.19,-7.68,-5.54,0
active_1405,-6.17,-6.15,-7.7,-5.34,0
active_1406,-6.36,-6.27,-7.98,-5.53,0
active_1407,-6.45,-6.39,-7.93,-5.65,0
active_1408,-6.17,-6.06,-7.86,-5.47,0
active_1409,-6.44,-6.32,-7.88,-5.54,0
active_141,-6.07,-5.99,-7.55,-5.23,1
active_1410,-5.41,-5.31,-6.65,-4.53,0
active_1411,-5.87,-5.8,-7.31,-4.97,0
active_1412,-5.8,-5.68,-7.47,-4.92,0
active_1413,-6.52,-6.4,-7.92,-5.66,0
active_1414,-6.45,-6.29,-8.22,-5.41,0
active_1415,-6.54,-6.43,-7.88,-5.7,0
active_1416,-6.26,-6.16,-7.73,-5.52,0
active_1417,-6.39,-6.28,-7.94,-5.61,0
active_1418,-6.28,-6.18,-7.89,-5.53,0
active_1419,-6.22,-6.16,-7.7,-5.42,0
active_142,-6.14,-6.01,-7.51,-5.23,1
active_1420,-5.98,-5.92,-7.13,-5.06,0
active_1421,-6.16,-6.09,-7.58,-5.32,0
active_1422,-6.05,-6.0,-7.24,-5.25,0
active_1423,-6.05,-5.99,-7.37,-5.24,0
active_1424,-6.14,-6.09,-8.09,-5.46,0
active_1425,-6.17,-6.13,-7.24,-5.31,0
active_1426,-6.2,-6.13,-7.93,-5.42,0
active_1427,-6.13,-6.09,-7.54,-5.41,0
active_1428,-5.89,-5.9,-6.96,-4.97,0
active_1429,-5.97,-5.94,-7.21,-5.16,0
active_143,-6.25,-6.12,-7.68,-5.3,1
active_1430,-6.07,-6.04,-7.72,-5.16,0
active_1431,-6.01,-5.98,-7.46,-5.16,0
active_1432,-5.99,-5.93,-7.31,-5.08,0
active_1433,-6.0,-5.94,-7.32,-5.18,0
active_1434,-6.0,-5.97,-7.36,-5.01,0
active_1435,-6.06,-5.98,-7.26,-5.28,0
active_1436,-5.98,-5.9,-7.26,-5.14,0
active_1437,-6.07,-6.02,-7.94,-5.28,0
active_1438,-5.93,-5.88,-7.22,-5.13,0
active_1439,-6.27,-6.22,-7.43,-5.37,0
active_144,-6.32,-6.24,-8.26,-5.56,1
active_1440,-6.01,-5.95,-7.41,-5.24,0
active_1441,-5.93,-5.88,-7.34,-5.04,0
active_1442,-6.21,-6.1,-7.8,-5.29,0
active_1443,-6.24,-6.15,-7.93,-5.42,0
active_1444,-6.11,-6.06,-7.63,-5.34,0
active_1445,-6.0,-5.95,-7.63,-5.22,0
active_1446,-6.01,-5.92,-7.57,-5.19,0
active_1447,-6.02,-5.95,-7.87,-5.25,0
active_1448,-6.13,-6.09,-7.73,-5.27,0
active_1449,-6.16,-6.09,-7.97,-5.32,0
active_145,-6.18,-6.07,-7.67,-5.39,1
active_1450,-5.99,-5.95,-7.13,-5.13,0
active_1451,-6.33,-6.21,-8.09,-5.41,0
active_1452,-6.03,-5.95,-7.72,-5.28,0
active_1453,-5.55,-5.46,-6.94,-4.74,0
active_1454,-5.92,-5.82,-7.14,-5.29,0
active_1455,-5.86,-5.82,-6.85,-5.0,0
active_1456,-6.13,-6.07,-7.72,-5.32,0
active_1457,-6.16,-6.09,-7.83,-5.3,0
active_1458,-6.09,-6.03,-7.92,-5.43,0
active_1459,-6.23,-6.21,-7.44,-5.34,0
active_146,-6.09,-5.97,-7.56,-5.1,1
active_1460,-6.13,-6.12,-7.31,-5.21,0
active_1461,-6.25,-6.22,-7.16,-5.45,0
active_1462,-5.75,-5.68,-7.15,-4.86,0
active_1463,-5.93,-5.88,-7.21,-5.03,0
active_1464,-6.03,-5.97,-7.59,-5.39,0
active_1465,-5.57,-5.54,-7.26,-4.85,0
active_1466,-5.99,-5.91,-7.18,-5.33,0
active_1467,-5.82,-5.79,-7.29,-5.18,0
active_1468,-6.12,-6.05,-7.46,-5.32,0
active_1469,-5.73,-5.69,-7.31,-5.09,0
active_147,-6.35,-6.23,-7.81,-5.56,1
active_1470,-6.05,-6.0,-7.56,-5.32,0
active_1471,-6.15,-6.13,-7.07,-5.3,0
active_1472,-5.88,-5.82,-7.47,-5.07,0
active_1473,-5.88,-5.81,-7.4,-5.07,0
active_1474,-5.89,-5.83,-7.18,-5.17,0
active_1475,-5.92,-5.88,-7.18,-4.98,0
active_1476,-5.92,-5.88,-7.45,-5.11,0
active_1477,-5.93,-5.9,-7.5,-5.01,0
active_1478,-5.93,-5.87,-7.46,-5.11,0
active_1479,-5.89,-5.84,-6.91,-5.28,0
active_148,-6.27,-6.15,-7.96,-5.4,1
active_1480,-5.8,-5.73,-7.03,-4.89,0
active_1481,-5.98,-5.92,-7.78,-5.16,0
active_1482,-6.05,-5.99,-7.6,-5.24,0
active_1483,-5.98,-5.9,-7.47,-5.25,0
active_1484,-5.97,-5.92,-7.42,-5.09,0
active_1485,-5.81,-5.76,-7.46,-4.99,0
active_1486,-5.91,-5.85,-7.21,-5.12,0
active_1487,-5.81,-5.76,-6.97,-5.09,0
active_1488,-6.0,-5.95,-7.57,-5.12,0
active_1489,-5.83,-5.8,-7.18,-4.91,0
active_149,-6.43,-6.32,-8.05,-5.64,1
active_1490,-6.2,-6.16,-7.93,-5.34,0
active_1491,-6.17,-6.15,-7.43,-5.3,0
active_1492,-5.85,-5.82,-7.38,-5.07,0
active_1493,-5.38,-5.36,-7.18,-3.87,0
active_1494,-5.32,-5.3,-6.81,-4.69,0
active_1495,-5.44,-5.42,-6.9,-4.79,0
active_1496,-5.19,-5.18,-6.54,-4.33,0
active_1497,-5.45,-5.44,-6.71,-4.72,0
active_1498,-5.08,-5.07,-6.45,-4.41,0
active_1499,-5.45,-5.44,-6.76,-4.81,0
active_15,-6.0,-5.97,-7.64,-3.78,1
active_150,-6.03,-5.96,-7.57,-5.21,1
active_1500,-5.4,-5.36,-6.88,-4.11,0
active_1501,-5.29,-5.25,-6.69,-4.63,0
active_1502,-4.93,-4.84,-6.84,-4.15,0
active_1503,-5.62,-5.52,-7.14,-4.64,0
active_1504,-5.25,-5.24,-6.7,-3.21,0
active_1505,-5.58,-5.57,-7.4,-4.97,0
active_1506,-5.48,-5.46,-6.61,-4.84,0
active_1507,-5.43,-5.38,-7.1,-3.74,0
active_1508,-5.48,-5.4,-6.54,-4.66,0
active_1509,-5.23,-5.21,-6.94,-4.54,0
active_151,-6.25,-6.17,-7.59,-5.41,1
active_1510,-6.04,-5.96,-7.78,-5.24,0
active_1511,-5.75,-5.68,-7.33,-4.89,0
active_1512,-5.64,-5.57,-7.05,-4.87,0
active_1513,-5.32,-5.3,-6.71,-4.6,0
active_1514,-5.71,-5.62,-7.3,-4.91,0
active_1515,-5.53,-5.49,-6.83,-4.56,0
active_1516,-5.41,-5.32,-6.95,-4.61,0
active_1517,-5.2,-5.16,-6.72,-4.46,0
active_1518,-5.81,-5.77,-7.63,-4.65,0
active_1519,-5.88,-5.87,-7.05,-4.8,0
active_152,-6.25,-6.17,-8.04,-5.54,1
active_1520,-5.44,-5.36,-6.79,-4.66,0
active_1521,-5.83,-5.78,-7.18,-4.96,0
active_1522,-5.95,-5.93,-6.89,-5.05,0
active_1523,-5.95,-5.9,-7.29,-4.9,0
active_1524,-5.98,-5.97,-7.48,-4.86,0
active_1525,-5.8,-5.72,-7.63,-5.0,0
active_1526,-5.89,-5.87,-7.4,-4.84,0
active_1527,-5.93,-5.93,-7.43,-5.01,0
active_1528,-5.79,-5.74,-7.31,-4.87,0
active_1529,-5.71,-5.67,-7.13,-4.76,0
active_153,-6.22,-6.09,-7.61,-5.42,1
active_1530,-5.94,-5.9,-7.32,-5.12,0
active_1531,-5.75,-5.72,-7.29,-4.69,0
active_1532,-5.87,-5.82,-7.22,-4.85,0
active_1533,-5.82,-5.74,-7.2,-4.94,0
active_1534,-5.94,-5.9,-7.27,-5.03,0
active_1535,-5.74,-5.71,-7.11,-4.83,0
active_1536,-5.65,-5.62,-7.03,-4.65,0
active_1537,-5.85,-5.78,-7.13,-5.07,0
active_1538,-5.96,-5.92,-7.62,-5.11,0
active_1539,-5.65,-5.61,-6.9,-4.63,0
active_154,-6.32,-6.19,-7.75,-5.46,1
active_1540,-5.82,-5.76,-7.14,-5.04,0
active_1541,-5.95,-5.95,-7.19,-4.91,0
active_1542,-5.8,-5.72,-7.16,-5.03,0
active_1543,-5.86,-5.81,-7.23,-5.1,0
active_1544,-5.68,-5.64,-7.19,-4.97,0
active_1545,-5.77,-5.76,-7.07,-4.75,0
active_1546,-5.66,-5.59,-6.99,-4.63,0
active_1547,-5.73,-5.7,-7.22,-4.68,0
active_1548,-5.54,-5.49,-6.62,-4.48,0
active_1549,-5.73,-5.7,-7.31,-4.64,0
active_155,-6.28,-6.17,-7.87,-5.51,1
active_1550,-5.64,-5.62,-7.32,-4.65,0
active_1551,-5.85,-5.82,-7.16,-4.81,0
active_1552,-5.51,-5.48,-6.8,-4.54,0
active_1553,-5.66,-5.67,-6.84,-4.66,0
active_1554,-5.72,-5.69,-7.61,-4.85,0
active_1555,-5.74,-5.68,-6.86,-4.94,0
active_1556,-5.65,-5.65,-6.99,-4.71,0
active_1557,-5.63,-5.58,-6.85,-4.6,0
active_1558,-5.73,-5.7,-7.1,-4.62,0
active_1559,-5.51,-5.45,-6.59,-4.48,0
active_156,-6.34,-6.28,-7.86,-5.63,1
active_1560,-5.74,-5.72,-7.14,-4.76,0
active_1561,-5.74,-5.72,-7.25,-4.75,0
active_1562,-5.71,-5.68,-7.02,-4.72,0
active_1563,-5.58,-5.52,-6.85,-4.64,0
active_1564,-5.35,-5.31,-6.82,-4.41,0
active_1565,-5.7,-5.65,-6.84,-4.86,0
active_1566,-5.62,-5.58,-6.95,-4.7,0
active_1567,-5.54,-5.51,-6.7,-4.59,0
active_1568,-5.42,-5.37,-6.53,-4.46,0
active_1569,-5.69,-5.66,-7.11,-4.81,0
active_157,-6.36,-6.25,-7.78,-5.5,1
active_1570,-5.84,-5.81,-7.45,-4.91,0
active_1571,-5.55,-5.53,-7.06,-4.53,0
active_1572,-5.56,-5.5,-6.74,-4.56,0
active_1573,-5.46,-5.43,-6.63,-4.55,0
active_1574,-5.63,-5.57,-6.9,-4.69,0
active_1575,-5.52,-5.5,-7.13,-4.43,0
active_1576,-5.66,-5.62,-7.12,-4.78,0
active_1577,-5.55,-5.5,-7.04,-4.58,0
active_1578,-5.76,-5.74,-6.73,-4.78,0
active_1579,-5.85,-5.85,-6.86,-4.94,0
active_158,-6.3,-6.21,-7.97,-5.58,1
active_1580,-5.64,-5.62,-6.97,-4.73,0
active_1581,-5.83,-5.84,-7.29,-4.83,0
active_1582,-5.74,-5.66,-6.98,-4.56,0
active_1583,-5.64,-5.59,-6.88,-4.5,0
active_1584,-5.8,-5.8,-7.02,-4.78,0
active_1585,-5.75,-5.7,-7.03,-4.9,0
active_1586,-5.79,-5.77,-7.18,-4.64,0
active_1587,-5.8,-5.77,-7.19,-4.82,0
active_1588,-5.73,-5.68,-7.26,-4.83,0
active_1589,-5.79,-5.79,-7.13,-4.61,0
active_159,-6.4,-6.3,-7.68,-5.52,1
active_1590,-5.81,-5.76,-7.08,-4.99,0
active_1591,-5.82,-5.82,-7.37,-4.88,0
active_1592,-5.77,-5.76,-7.53,-4.73,0
active_1593,-5.81,-5.8,-7.2,-4.75,0
active_1594,-5.72,-5.71,-6.87,-4.66,0
active_1595,-4.84,-4.8,-6.86,-4.18,0
active_1596,-5.54,-5.53,-6.87,-3.02,0
active_1597,-5.22,-5.21,-6.56,-4.45,0
active_1598,-5.73,-5.7,-7.22,-3.42,0
active_1599,-5.26,-5.25,-6.51,-4.63,0
active_16,-5.94,-5.87,-7.57,-3.46,1
active_160,-6.33,-6.2,-8.13,-5.53,1
active_1600,-6.14,-5.99,-7.68,-5.32,0
active_1601,-4.97,-4.96,-5.84,-4.16,0
active_1602,-5.12,-5.1,-6.83,-4.43,0
active_1603,-5.92,-5.76,-7.51,-4.67,0
active_1604,-6.58,-6.44,-7.86,-5.46,0
active_1605,-6.27,-6.22,-7.88,-5.41,0
active_1606,-6.49,-6.21,-7.94,-5.43,0
active_1607,-6.18,-6.09,-7.67,-5.42,0
active_1608,-6.5,-6.28,-8.0,-5.41,0
active_1609,-5.66,-5.59,-7.17,-3.71,0
active_161,-6.4,-6.29,-7.87,-5.67,1
active_1610,-6.31,-6.16,-8.02,-5.07,0
active_1611,-6.56,-6.38,-7.89,-5.43,0
active_1612,-6.09,-5.85,-7.63,-5.09,0
active_1613,-6.52,-6.37,-8.22,-5.38,0
active_1614,-6.52,-6.36,-8.12,-5.28,0
active_1615,-6.3,-6.24,-7.55,-5.48,0
active_1616,-6.92,-6.72,-8.37,-5.52,0
active_1617,-6.28,-6.2,-7.74,-5.52,0
active_1618,-6.21,-5.99,-7.92,-5.14,0
active_1619,-5.62,-5.51,-7.17,-4.62,0
active_162,-6.33,-6.22,-7.81,-5.49,1
active_1620,-6.34,-6.15,-7.86,-5.22,0
active_1621,-6.45,-6.31,-8.24,-5.12,0
active_1622,-6.02,-5.84,-7.62,-5.02,0
active_1623,-6.66,-6.46,-8.16,-5.65,0
active_1624,-5.62,-5.53,-7.15,-4.61,0
active_1625,-5.37,-5.35,-6.74,-3.92,0
active_1626,-5.36,-5.35,-6.58,-4.62,0
active_1627,-5.22,-5.21,-6.54,-4.62,0
active_1628,-5.63,-5.62,-6.84,-4.95,0
active_1629,-6.09,-6.06,-7.38,-5.3,0
active_163,-6.25,-6.14,-7.67,-5.36,1
active_1630,-6.35,-6.29,-7.69,-5.6,0
active_1631,-6.0,-5.98,-7.25,-5.39,0
active_1632,-6.26,-6.19,-7.72,-5.5,0
active_1633,-6.56,-6.47,-7.92,-5.72,0
active_1634,-6.4,-6.31,-7.68,-5.65,0
active_1635,-6.41,-6.32,-7.92,-5.74,0
active_1636,-5.9,-5.82,-7.7,-5.2,0
active_1637,-6.24,-6.18,-7.52,-5.45,0
active_1638,-6.09,-6.0,-7.48,-5.32,0
active_1639,-6.4,-6.35,-7.88,-5.64,0
active_164,-6.08,-5.97,-7.55,-5.35,1
active_1640,-6.25,-6.13,-7.57,-5.36,0
active_1641,-6.06,-6.04,-7.48,-5.46,0
active_1642,-6.53,-6.46,-8.02,-5.71,0
active_1643,-6.6,-6.57,-7.84,-5.91,0
active_1644,-6.11,-6.0,-7.86,-4.86,0
active_1645,-6.31,-6.22,-7.86,-5.47,0
active_1646,-6.54,-6.46,-7.82,-5.69,0
active_1647,-6.46,-6.39,-7.79,-5.8,0
active_1648,-6.49,-6.45,-8.08,-5.69,0
active_1649,-6.28,-6.2,-7.73,-5.67,0
active_165,-6.11,-6.01,-7.55,-5.26,1
active_1650,-6.44,-6.35,-7.81,-5.72,0
active_1651,-6.4,-6.33,-7.9,-5.57,0
active_1652,-6.61,-6.54,-7.93,-5.72,0
active_1653,-6.24,-6.14,-7.74,-5.39,0
active_1654,-6.18,-6.09,-7.58,-5.51,0
active_1655,-6.41,-6.36,-7.88,-5.77,0
active_1656,-6.5,-6.39,-8.04,-5.78,0
active_1657,-6.35,-6.16,-7.77,-5.25,0
active_1658,-6.46,-6.42,-8.06,-5.79,0
active_1659,-6.39,-6.26,-7.86,-5.41,0
active_166,-6.43,-6.34,-7.69,-5.52,1
active_1660,-6.6,-6.54,-7.9,-5.84,0
active_1661,-6.51,-6.46,-7.91,-5.64,0
active_1662,-6.53,-6.47,-7.84,-5.74,0
active_1663,-6.35,-6.28,-7.9,-5.64,0
active_1664,-6.16,-6.08,-7.49,-5.18,0
active_167,-6.48,-6.38,-7.84,-5.64,1
active_168,-6.39,-6.31,-7.61,-5.59,1
active_169,-6.42,-6.33,-7.88,-5.58,1
active_17,-6.32,-6.25,-7.62,-5.49,1
active_170,-6.37,-6.28,-8.23,-5.59,1
active_171,-6.4,-6.3,-7.91,-5.55,1
active_172,-6.23,-6.12,-7.56,-5.43,1
active_173,-6.24,-6.15,-7.83,-5.43,1
active_174,-6.06,-6.02,-7.79,-5.17,1
active_175,-6.44,-6.35,-7.89,-5.39,1
active_176,-6.24,-6.15,-7.94,-5.41,1
active_177,-6.27,-6.2,-7.88,-5.3,1
active_178,-6.11,-6.02,-7.43,-5.34,1
active_179,-6.21,-6.06,-8.13,-5.37,1
active_18,-6.24,-6.13,-7.67,-5.44,1
active_180,-6.24,-6.15,-7.61,-5.37,1
active_181,-6.17,-6.09,-7.62,-5.47,1
active_182,-6.09,-6.03,-7.88,-5.17,1
active_183,-6.03,-5.98,-7.79,-5.2,1
active_184,-6.11,-6.02,-7.79,-5.19,1
active_185,-6.16,-6.08,-7.89,-5.37,1
active_186,-6.26,-6.14,-7.68,-5.43,1
active_187,-6.13,-6.07,-7.74,-5.33,1
active_188,-6.2,-6.07,-7.62,-5.29,1
active_189,-6.32,-6.19,-7.92,-5.44,1
active_19,-6.4,-6.3,-7.98,-5.57,1
active_190,-6.14,-6.08,-7.58,-5.36,1
active_191,-6.2,-6.12,-7.82,-5.26,1
active_192,-6.33,-6.24,-8.14,-5.57,1
active_193,-6.36,-6.24,-7.96,-5.21,1
active_194,-6.21,-6.12,-7.52,-5.39,1
active_195,-6.48,-6.38,-7.74,-5.49,1
active_196,-6.22,-6.14,-7.6,-5.32,1
active_197,-6.2,-6.11,-8.0,-5.35,1
active_198,-6.08,-5.98,-7.57,-5.24,1
active_199,-6.33,-6.24,-7.82,-5.34,1
active_2,-6.11,-6.06,-7.7,-3.46,1
active_20,-6.32,-6.23,-7.91,-5.44,1
active_200,-6.0,-5.92,-7.86,-5.11,1
active_201,-6.11,-6.04,-7.86,-5.38,1
active_202,-6.28,-6.2,-7.67,-5.44,1
active_203,-6.24,-6.19,-7.39,-5.44,1
active_204,-5.944449789536982,-5.876067348165965,-7.39489476849068,-5.01647624774504,1
active_205,-6.29,-6.19,-7.78,-5.55,1
active_206,-6.25,-6.18,-7.71,-5.51,1
active_207,-6.4,-6.26,-7.94,-5.46,1
active_208,-6.25,-6.14,-7.66,-5.38,1
active_209,-6.39,-6.31,-7.75,-5.16,1
active_21,-6.37,-6.28,-7.75,-5.5,1
active_210,-6.35,-6.23,-7.95,-5.53,1
active_211,-6.43,-6.27,-7.9,-5.47,1
active_212,-6.06,-5.98,-7.48,-5.26,1
active_213,-6.21,-6.12,-7.67,-5.29,1
active_214,-6.34,-6.23,-8.02,-5.48,1
active_215,-6.4,-6.28,-8.06,-5.57,1
active_216,-6.14,-6.06,-7.75,-5.24,1
active_217,-5.99,-5.9,-7.59,-5.07,1
active_218,-5.8,-5.73,-7.04,-5.16,1
active_219,-6.48,-6.34,-8.18,-5.61,1
active_22,-6.47,-6.4,-8.0,-5.63,1
active_220,-5.94,-5.86,-7.42,-5.18,1
active_221,-5.75,-5.69,-7.4,-5.1,1
active_222,-5.85,-5.76,-7.51,-5.13,1
active_223,-5.85,-5.77,-7.48,-5.08,1
active_224,-5.88,-5.81,-7.64,-5.16,1
active_225,-5.93,-5.84,-7.45,-5.14,1
active_226,-5.79,-5.7,-7.52,-5.08,1
active_227,-5.82,-5.75,-7.44,-4.96,1
active_228,-5.87,-5.78,-7.32,-5.07,1
active_229,-5.91,-5.83,-7.47,-5.09,1
active_23,-6.17,-6.03,-8.06,-5.4,1
active_230,-5.72,-5.66,-7.3,-5.06,1
active_231,-6.16,-6.1,-7.66,-5.44,1
active_232,-5.65,-5.55,-7.39,-4.95,1
active_233,-6.1,-6.0,-7.43,-5.26,1
active_234,-5.82,-5.72,-7.46,-5.06,1
active_235,-5.79,-5.72,-7.32,-5.06,1
active_236,-5.72,-5.65,-7.49,-4.99,1
active_237,-5.67,-5.58,-7.3,-4.89,1
active_238,-5.76,-5.69,-7.17,-5.0,1
active_239,-5.63,-5.53,-7.34,-4.85,1
active_24,-6.32,-6.22,-7.92,-5.54,1
active_240,-6.19,-6.13,-7.45,-5.32,1
active_241,-5.86,-5.78,-7.45,-5.04,1
active_242,-6.12,-6.01,-7.9,-5.22,1
active_243,-6.06,-5.94,-7.65,-5.2,1
active_244,-5.81,-5.72,-7.44,-5.07,1
active_245,-6.05,-6.0,-7.12,-5.35,1
active_246,-6.08,-5.96,-7.77,-5.35,1
active_247,-6.2,-6.09,-8.08,-5.43,1
active_248,-5.96,-5.88,-7.68,-5.2,1
active_249,-5.97,-5.89,-7.5,-5.14,1
active_25,-6.31,-6.19,-7.96,-5.4,1
active_250,-6.06,-5.98,-7.52,-5.28,1
active_251,-6.5,-6.34,-8.21,-5.64,1
active_252,-5.92,-5.85,-7.5,-5.17,1
active_253,-6.04,-5.95,-7.73,-5.28,1
active_254,-5.96,-5.88,-7.52,-5.15,1
active_255,-6.08,-5.98,-7.59,-5.3,1
active_256,-5.94,-5.86,-7.59,-5.13,1
active_257,-5.89,-5.86,-7.49,-4.02,1
active_258,-6.1,-6.02,-7.87,-5.28,1
active_259,-5.84,-5.75,-7.41,-5.1,1
active_26,-6.32,-6.22,-7.83,-5.44,1
active_260,-6.03,-5.92,-7.76,-5.12,1
active_261,-5.66,-5.59,-7.24,-4.88,1
active_262,-5.85,-5.75,-7.4,-5.08,1
active_263,-5.78,-5.72,-7.08,-5.01,1
active_264,-6.09,-6.01,-7.48,-5.37,1
active_265,-4.95,-4.88,-6.49,-3.97,1
active_266,-6.23,-6.17,-7.72,-5.37,1
active_267,-6.22,-6.15,-7.85,-5.44,1
active_268,-6.07,-6.01,-7.84,-5.26,1
active_269,-5.64,-5.58,-6.77,-4.94,1
active_27,-6.37,-6.28,-7.84,-5.6,1
active_270,-5.87,-5.81,-7.07,-5.02,1
active_271,-5.79,-5.7,-7.46,-4.96,1
active_272,-6.12,-6.07,-7.19,-5.16,1
active_273,-5.7,-5.61,-7.14,-4.85,1
active_274,-5.61,-5.52,-6.97,-4.81,1
active_275,-5.96,-5.93,-7.03,-5.23,1
active_276,-5.92,-5.87,-6.85,-5.28,1
active_277,-5.76,-5.67,-6.93,-4.96,1
active_278,-5.75,-5.67,-7.29,-4.97,1
active_279,-5.74,-5.66,-7.39,-4.9,1
active_28,-6.4,-6.29,-7.84,-5.47,1
active_280,-5.99,-5.91,-7.5,-5.26,1
active_281,-5.85,-5.76,-7.48,-5.17,1
active_282,-5.87,-5.81,-7.42,-5.08,1
active_283,-5.85,-5.8,-7.27,-5.13,1
active_284,-6.03,-5.95,-7.74,-5.35,1
active_285,-6.12,-6.06,-7.76,-5.25,1
active_286,-5.94,-5.86,-7.56,-5.25,1
active_287,-5.95,-5.89,-7.59,-5.25,1
active_288,-5.88,-5.79,-7.53,-5.15,1
active_289,-6.1,-6.04,-7.68,-5.24,1
active_29,-6.46,-6.37,-7.96,-5.54,1
active_290,-5.67,-5.61,-7.29,-4.83,1
active_291,-5.85,-5.77,-7.53,-5.14,1
active_292,-5.96,-5.89,-7.71,-5.24,1
active_293,-5.96,-5.86,-7.69,-5.1,1
active_294,-6.18,-6.1,-8.1,-5.35,1
active_295,-5.83,-5.76,-7.41,-5.12,1
active_296,-5.83,-5.76,-7.43,-5.11,1
active_297,-6.09,-6.02,-7.54,-5.16,1
active_298,-6.2,-6.15,-7.44,-5.41,1
active_299,-5.92,-5.86,-7.25,-5.18,1
active_3,-5.84,-5.78,-7.46,-2.27,1
active_30,-6.38,-6.27,-7.87,-5.54,1
active_300,-5.94,-5.85,-7.48,-5.19,1
active_301,-6.22,-6.16,-7.56,-5.33,1
active_302,-5.97,-5.9,-7.78,-5.11,1
active_303,-6.14,-6.07,-7.84,-5.28,1
active_304,-6.05,-5.97,-7.6,-5.35,1
active_305,-6.05,-5.99,-7.69,-5.33,1
active_306,-5.87,-5.81,-7.55,-5.11,1
active_307,-6.02,-5.96,-7.42,-5.33,1
active_308,-6.12,-6.07,-7.48,-5.16,1
active_309,-5.96,-5.86,-7.56,-5.1,1
active_31,-6.41,-6.31,-7.89,-5.53,1
active_310,-5.94,-5.88,-7.54,-5.16,1
active_311,-5.96,-5.89,-7.82,-5.21,1
active_312,-5.86,-5.8,-7.66,-5.11,1
active_313,-5.78,-5.69,-7.35,-4.96,1
active_314,-5.92,-5.86,-7.8,-5.07,1
active_315,-5.79,-5.7,-7.43,-5.01,1
active_316,-5.94,-5.88,-7.38,-5.24,1
active_317,-6.15,-6.03,-7.68,-5.25,1
active_318,-5.97,-5.87,-7.48,-5.17,1
active_319,-5.88,-5.79,-7.36,-5.03,1
active_32,-6.15,-6.08,-7.76,-5.36,1
active_320,-6.14,-6.05,-7.72,-5.26,1
active_321,-5.95,-5.88,-7.6,-5.23,1
active_322,-6.2,-6.11,-7.69,-5.25,1
active_323,-5.9,-5.84,-7.62,-4.03,1
active_324,-5.88,-5.79,-7.53,-4.88,1
active_325,-5.67,-5.62,-7.59,-3.54,1
active_326,-5.28,-5.26,-6.84,-4.69,1
active_327,-5.92,-5.87,-7.48,-3.59,1
active_328,-5.8,-5.72,-7.73,-4.02,1
active_329,-6.16,-6.15,-7.97,-3.64,1
active_33,-6.19,-6.12,-7.71,-5.39,1
active_330,-5.78,-5.72,-7.47,-4.7,1
active_331,-5.85,-5.81,-7.62,-3.96,1
active_332,-5.7,-5.61,-7.56,-3.64,1
active_333,-6.38,-6.32,-7.87,-5.65,1
active_334,-5.85,-5.82,-7.38,-4.11,1
active_335,-5.56,-5.49,-7.35,-3.7,1
active_336,-5.98,-5.96,-7.41,-3.83,1
active_337,-6.11,-6.09,-7.44,-3.46,1
active_338,-5.89,-5.83,-7.53,-3.85,1
active_339,-5.73,-5.71,-7.54,-4.49,1
active_34,-6.26,-6.18,-8.04,-5.58,1
active_340,-5.79,-5.72,-7.68,-4.25,1
active_341,-5.87,-5.84,-7.17,-4.94,1
active_342,-6.4,-6.3,-7.9,-5.48,1
active_343,-5.72,-5.69,-7.56,-5.11,1
active_344,-6.33,-6.21,-8.0,-5.34,1
active_345,-5.77,-5.73,-7.48,-3.13,1
active_346,-5.72,-5.67,-7.14,-4.8,1
active_347,-6.02,-6.01,-7.72,-4.02,1
active_348,-5.84,-5.83,-7.44,-3.55,1
active_349,-6.36,-6.25,-8.05,-5.42,1
active_35,-6.48,-6.39,-7.96,-5.71,1
active_350,-6.34,-6.28,-7.96,-5.53,1
active_351,-6.25,-6.17,-7.69,-5.48,1
active_352,-6.01,-5.98,-7.57,-3.31,1
active_353,-5.83,-5.8,-7.75,-3.12,1
active_354,-6.06,-5.95,-7.54,-5.12,1
active_355,-5.79,-5.76,-7.63,-5.16,1
active_356,-5.52,-5.46,-7.35,-3.75,1
active_357,-5.97,-5.9,-7.86,-3.28,1
active_358,-5.94,-5.92,-7.48,-3.68,1
active_359,-5.6,-5.57,-7.17,-3.69,1
active_36,-6.26,-6.17,-7.71,-5.5,1
active_360,-5.92,-5.91,-7.59,-3.13,1
active_361,-5.74,-5.71,-6.92,-4.78,1
active_362,-6.03,-5.95,-7.52,-5.28,1
active_363,-6.31,-6.22,-8.42,-5.51,1
active_364,-5.77,-5.71,-7.14,-4.96,1
active_365,-5.9,-5.83,-7.76,-3.94,1
active_366,-5.81,-5.8,-7.25,-4.3,1
active_367,-5.75,-5.65,-7.53,-4.87,1
active_368,-5.93,-5.88,-7.32,-5.21,1
active_369,-5.68,-5.63,-7.67,-3.59,1
active_37,-6.15,-6.06,-7.67,-5.23,1
active_370,-6.1,-6.01,-7.54,-5.32,1
active_371,-5.96,-5.88,-7.41,-5.26,1
active_372,-6.14,-6.13,-7.54,-3.22,1
active_373,-6.2,-6.11,-7.65,-5.46,1
active_374,-6.33,-6.19,-7.94,-5.4,1
active_375,-5.75,-5.69,-7.38,-5.06,1
active_376,-5.84,-5.78,-7.27,-5.02,1
active_377,-5.39,-5.28,-7.31,-4.53,1
active_378,-5.82,-5.8,-7.64,-5.1,1
active_379,-5.98,-5.92,-7.36,-5.23,1
active_38,-6.38,-6.28,-7.9,-5.62,1
active_380,-6.19,-6.12,-7.55,-5.48,1
active_381,-5.71,-5.67,-7.39,-3.26,1
active_382,-6.08,-6.02,-7.49,-4.17,1
active_383,-5.83,-5.8,-7.61,-5.1,1
active_384,-6.38,-6.3,-8.32,-5.51,1
active_385,-5.93,-5.89,-7.72,-4.35,1
active_386,-5.71,-5.66,-7.49,-3.06,1
active_387,-5.6,-5.54,-7.24,-2.85,1
active_388,-5.87,-5.81,-7.6,-4.42,1
active_389,-6.15,-6.1,-7.3,-5.32,1
active_39,-6.41,-6.33,-7.59,-5.51,1
active_390,-6.13,-6.08,-7.3,-5.21,1
active_391,-6.1,-6.06,-7.39,-5.05,1
active_392,-5.88,-5.81,-7.67,-4.03,1
active_393,-5.99,-5.91,-7.05,-5.16,1
active_394,-5.42,-5.35,-7.06,-3.66,1
active_395,-5.55,-5.5,-7.32,-3.23,1
active_396,-5.86,-5.85,-7.43,-4.05,1
active_397,-6.15,-6.07,-7.35,-5.3,1
active_398,-5.76,-5.72,-7.32,-5.1,1
active_399,-6.09,-6.04,-7.58,-5.13,1
active_4,-5.77,-5.72,-7.56,-3.8,1
active_40,-6.21,-6.09,-7.56,-5.19,1
active_400,-5.86,-5.83,-7.53,-3.77,1
active_401,-6.08,-6.0,-7.57,-5.16,1
active_402,-5.88,-5.82,-7.78,-4.09,1
active_403,-5.9,-5.8,-7.31,-4.93,1
active_404,-6.15,-6.08,-7.28,-5.28,1
active_405,-6.13,-6.06,-7.34,-5.08,1
active_406,-5.74,-5.68,-7.2,-4.54,1
active_407,-6.21,-6.14,-7.52,-5.33,1
active_408,-5.0,-4.99,-6.12,-4.5,1
active_409,-5.89,-5.86,-7.45,-4.28,1
active_41,-6.43,-6.3,-7.86,-5.57,1
active_410,-6.15,-6.08,-7.34,-5.41,1
active_411,-6.08,-5.99,-7.39,-5.21,1
active_412,-6.7,-6.46,-8.23,-5.53,1
active_413,-6.78,-6.65,-8.11,-5.5,1
active_414,-6.61,-6.47,-8.17,-5.45,1
active_415,-6.1,-5.96,-7.74,-5.22,1
active_416,-6.16,-5.98,-7.62,-5.13,1
active_417,-6.71,-6.56,-8.1,-5.61,1
active_418,-6.36,-6.21,-8.01,-5.05,1
active_419,-6.29,-6.09,-7.67,-5.25,1
active_42,-6.34,-6.21,-7.8,-5.21,1
active_420,-6.7,-6.56,-8.2,-5.56,1
active_421,-6.58,-6.33,-8.18,-5.22,1
active_422,-6.13,-6.01,-7.5,-5.1,1
active_423,-6.68,-6.61,-8.33,-5.56,1
active_424,-6.49,-6.31,-8.12,-5.29,1
active_425,-6.14,-6.02,-7.98,-5.0,1
active_426,-5.53,-5.48,-6.77,-4.76,1
active_427,-6.78,-6.59,-8.31,-5.48,1
active_428,-6.15,-6.06,-7.62,-5.11,1
active_429,-6.65,-6.38,-7.94,-5.6,1
active_43,-6.36,-6.25,-7.84,-5.29,1
active_430,-5.77,-5.73,-7.64,-3.91,1
active_431,-5.28,-5.27,-6.22,-4.7,1
active_432,-5.96,-5.94,-7.68,-5.21,1
active_433,-5.94,-5.91,-7.6,-5.33,1
active_434,-6.07,-5.99,-7.26,-5.3,1
active_435,-5.94,-5.88,-7.32,-5.04,1
active_436,-5.26,-5.17,-6.96,-4.68,1
active_437,-5.32,-5.3,-6.35,-4.72,1
active_438,-6.24,-6.18,-7.44,-5.37,1
active_439,-6.16,-6.12,-7.52,-5.22,1
active_44,-6.38,-6.27,-7.99,-5.52,1
active_440,-5.8,-5.71,-6.7,-4.99,1
active_441,-6.15,-6.06,-7.32,-5.22,1
active_442,-5.89,-5.84,-7.28,-4.89,1
active_443,-6.24,-6.13,-7.97,-5.56,1
active_444,-5.69,-5.66,-7.66,-4.33,1
active_445,-6.1,-6.02,-7.27,-5.32,1
active_446,-6.36,-6.22,-7.93,-5.39,1
active_447,-6.15,-5.98,-7.9,-5.13,1
active_448,-6.64,-6.5,-8.1,-5.37,1
active_449,-5.73,-5.66,-7.27,-4.73,1
active_45,-6.5,-6.44,-8.25,-5.56,1
active_450,-6.58,-6.39,-8.18,-5.4,1
active_451,-5.83,-5.76,-7.68,-5.12,1
active_452,-6.15,-6.01,-7.85,-5.32,1
active_453,-7.1,-7.04,-8.53,-5.62,1
active_454,-6.69,-6.51,-8.63,-5.44,1
active_455,-5.9,-5.76,-7.4,-4.96,1
active_456,-6.22,-6.1,-7.98,-5.31,1
active_457,-6.23,-6.0,-7.78,-5.21,1
active_458,-5.7,-5.58,-7.41,-4.88,1
active_459,-6.34,-6.11,-7.86,-5.06,1
active_46,-6.41,-6.32,-7.67,-5.58,1
active_460,-6.48,-6.35,-7.84,-5.38,1
active_461,-6.34,-6.12,-7.86,-5.14,1
active_462,-6.01,-5.88,-7.43,-4.77,1
active_463,-6.32,-6.22,-8.02,-5.24,1
active_464,-6.48,-6.38,-8.04,-5.43,1
active_465,-5.55,-5.47,-6.9,-4.55,1
active_466,-6.14,-6.0,-7.78,-5.22,1
active_467,-6.31,-6.19,-7.72,-5.44,1
active_468,-6.14,-5.98,-7.66,-5.2,1
active_469,-6.7,-6.54,-8.43,-5.49,1
active_47,-6.43,-6.35,-7.84,-5.52,1
active_470,-6.51,-6.34,-8.21,-5.26,1
active_471,-6.83,-6.81,-8.3,-5.55,1
active_472,-5.72,-5.63,-7.12,-4.97,1
active_473,-6.2,-6.08,-8.0,-5.39,1
active_474,-5.95,-5.85,-7.76,-4.97,1
active_475,-6.66,-6.5,-8.28,-5.37,1
active_476,-6.27,-6.18,-7.74,-5.54,1
active_477,-6.41,-6.2,-8.02,-5.43,1
active_478,-7.11,-7.04,-8.62,-5.63,1
active_479,-6.52,-6.4,-8.03,-5.64,1
active_48,-6.52,-6.41,-7.95,-5.55,1
active_480,-5.73,-5.64,-7.21,-3.38,1
active_481,-6.09,-6.01,-7.66,-5.16,0
active_482,-5.2,-5.18,-6.98,-4.46,0
active_483,-6.05,-6.0,-7.54,-5.1,0
active_484,-6.03,-5.99,-7.32,-5.25,0
active_485,-5.73,-5.67,-7.36,-4.83,0
active_486,-5.64,-5.62,-6.98,-4.24,0
active_487,-5.68,-5.65,-6.86,-4.95,0
active_488,-5.81,-5.79,-7.74,-2.75,0
active_489,-5.71,-5.6,-7.27,-4.8,0
active_49,-6.49,-6.4,-8.0,-5.55,1
active_490,-6.11,-6.04,-7.36,-5.15,0
active_491,-5.63,-5.61,-6.89,-4.85,0
active_492,-5.82,-5.7,-7.45,-4.88,0
active_493,-5.41,-5.35,-7.14,-3.73,0
active_494,-5.4,-5.36,-6.84,-4.73,0
active_495,-5.81,-5.75,-7.29,-5.05,0
active_496,-5.03,-5.0,-6.78,-4.38,0
active_497,-5.27,-5.26,-6.6,-4.5,0
active_498,-5.37,-5.37,-6.42,-4.72,0
active_499,-5.65,-5.61,-7.53,-5.07,0
active_5,-5.67,-5.59,-7.62,-4.28,1
active_50,-6.35,-6.28,-8.11,-5.62,1
active_500,-5.43,-5.42,-6.66,-4.71,0
active_501,-5.22,-5.2,-6.92,-3.93,0
active_502,-5.45,-5.44,-6.74,-4.78,0
active_503,-5.68,-5.67,-7.26,-4.84,0
active_504,-5.75,-5.73,-7.2,-4.72,0
active_505,-5.44,-5.36,-6.77,-4.58,0
active_506,-5.7,-5.65,-7.0,-4.74,0
active_507,-5.6,-5.52,-6.87,-4.74,0
active_508,-5.63,-5.58,-6.73,-4.67,0
active_509,-5.56,-5.51,-7.25,-4.73,0
active_51,-6.46,-6.36,-7.88,-5.68,1
active_510,-5.79,-5.76,-7.08,-4.86,0
active_511,-5.79,-5.76,-6.98,-4.88,0
active_512,-5.7,-5.68,-6.85,-4.75,0
active_513,-5.75,-5.7,-7.2,-4.81,0
active_514,-5.74,-5.72,-7.08,-4.74,0
active_515,-5.71,-5.68,-7.22,-4.72,0
active_516,-5.83,-5.81,-6.91,-4.97,0
active_517,-5.75,-5.74,-7.02,-4.71,0
active_518,-5.71,-5.69,-6.97,-4.68,0
active_519,-5.69,-5.67,-6.93,-4.57,0
active_52,-6.29,-6.12,-8.19,-5.38,1
active_520,-5.75,-5.7,-6.97,-4.81,0
active_521,-5.5,-5.42,-6.93,-4.75,0
active_522,-5.68,-5.65,-7.09,-4.77,0
active_523,-5.77,-5.72,-7.23,-4.83,0
active_524,-5.61,-5.56,-6.85,-4.6,0
active_525,-5.63,-5.58,-6.88,-4.68,0
active_526,-5.67,-5.62,-7.03,-4.68,0
active_527,-5.65,-5.59,-7.55,-4.76,0
active_528,-5.7,-5.66,-6.9,-4.63,0
active_529,-5.62,-5.55,-7.28,-4.79,0
active_53,-6.32,-6.19,-7.88,-5.49,1
active_530,-5.81,-5.75,-7.17,-4.86,0
active_531,-5.73,-5.73,-6.89,-4.37,0
active_532,-5.4,-5.34,-6.47,-4.38,0
active_533,-5.58,-5.52,-6.63,-4.6,0
active_534,-5.62,-5.58,-7.03,-4.82,0
active_535,-5.76,-5.72,-7.34,-4.7,0
active_536,-5.84,-5.81,-6.99,-3.86,0
active_537,-5.68,-5.68,-7.1,-4.64,0
active_538,-5.6,-5.56,-6.8,-4.61,0
active_539,-5.69,-5.66,-6.81,-4.83,0
active_54,-6.34,-6.23,-8.01,-5.47,1
active_540,-5.68,-5.64,-7.08,-4.78,0
active_541,-5.83,-5.81,-7.32,-4.82,0
active_542,-5.91,-5.93,-7.08,-4.98,0
active_543,-5.78,-5.76,-7.3,-4.81,0
active_544,-5.76,-5.72,-7.01,-4.76,0
active_545,-5.89,-5.87,-7.08,-4.86,0
active_546,-5.78,-5.78,-7.18,-4.7,0
active_547,-5.84,-5.85,-7.08,-4.78,0
active_548,-5.76,-5.75,-7.35,-4.75,0
active_549,-5.79,-5.78,-7.12,-4.85,0
active_55,-6.27,-6.16,-7.93,-5.38,1
active_550,-5.53,-5.5,-6.7,-4.52,0
active_551,-5.88,-5.86,-7.22,-4.86,0
active_552,-5.82,-5.79,-7.08,-4.83,0
active_553,-5.86,-5.87,-7.14,-4.9,0
active_554,-5.78,-5.75,-6.91,-4.77,0
active_555,-5.73,-5.73,-7.14,-4.81,0
active_556,-5.86,-5.83,-7.05,-4.98,0
active_557,-5.74,-5.71,-7.4,-4.74,0
active_558,-5.75,-5.74,-7.07,-4.63,0
active_559,-5.89,-5.9,-7.19,-4.82,0
active_56,-6.27,-6.19,-7.6,-5.48,1
active_560,-5.66,-5.62,-7.03,-4.93,0
active_561,-5.78,-5.77,-7.08,-4.77,0
active_562,-5.97,-5.9,-7.5,-5.09,0
active_563,-5.75,-5.73,-7.04,-4.89,0
active_564,-5.66,-5.65,-7.41,-4.56,0
active_565,-5.74,-5.74,-7.07,-4.79,0
active_566,-5.7,-5.68,-7.02,-4.61,0
active_567,-5.73,-5.7,-7.26,-4.83,0
active_568,-5.8,-5.78,-7.12,-4.79,0
active_569,-5.46,-5.38,-6.84,-4.59,0
active_57,-5.77,-5.7,-6.85,-4.97,1
active_570,-5.64,-5.62,-6.72,-4.59,0
active_571,-5.71,-5.68,-6.84,-4.77,0
active_572,-5.83,-5.79,-7.03,-4.78,0
active_573,-5.81,-5.8,-6.9,-4.9,0
active_574,-5.79,-5.75,-7.23,-4.66,0
active_575,-5.88,-5.89,-7.59,-4.85,0
active_576,-5.82,-5.82,-6.87,-4.9,0
active_577,-5.88,-5.86,-7.06,-4.87,0
active_578,-5.82,-5.81,-7.03,-4.74,0
active_579,-5.88,-5.88,-7.18,-4.95,0
active_58,-6.0,-5.92,-7.37,-5.15,1
active_580,-5.76,-5.72,-7.36,-4.75,0
active_581,-5.88,-5.86,-7.15,-4.78,0
active_582,-5.82,-5.78,-7.06,-4.91,0
active_583,-6.01,-5.99,-7.23,-4.97,0
active_584,-5.9,-5.86,-7.51,-4.96,0
active_585,-5.73,-5.69,-7.03,-4.77,0
active_586,-5.79,-5.77,-7.2,-4.71,0
active_587,-5.49,-5.43,-6.97,-4.61,0
active_588,-5.52,-5.45,-6.89,-4.75,0
active_589,-5.52,-5.47,-6.93,-4.5,0
active_59,-6.29,-6.18,-7.7,-5.48,1
active_590,-5.55,-5.51,-6.74,-4.55,0
active_591,-5.84,-5.79,-7.1,-4.96,0
active_592,-5.8,-5.78,-7.23,-4.85,0
active_593,-5.69,-5.68,-6.94,-4.66,0
active_594,-5.78,-5.75,-7.26,-4.77,0
active_595,-5.89,-5.85,-7.16,-4.94,0
active_596,-5.69,-5.64,-6.96,-4.52,0
active_597,-5.8,-5.79,-7.18,-4.7,0
active_598,-5.76,-5.7,-6.86,-4.95,0
active_599,-5.78,-5.79,-6.82,-4.85,0
active_6,-5.65,-5.61,-7.07,-3.71,1
active_60,-6.07,-5.99,-7.55,-5.26,1
active_600,-5.82,-5.82,-6.94,-4.77,0
active_601,-5.82,-5.79,-7.11,-4.88,0
active_602,-5.71,-5.65,-6.93,-4.69,0
active_603,-5.85,-5.83,-7.28,-4.78,0
active_604,-5.87,-5.85,-7.26,-4.97,0
active_605,-6.01,-5.99,-7.34,-4.87,0
active_606,-5.57,-5.52,-6.79,-4.61,0
active_607,-5.92,-5.91,-7.17,-5.02,0
active_608,-6.02,-5.97,-7.5,-5.05,0
active_609,-6.19,-6.14,-7.29,-5.32,0
active_61,-6.06,-5.97,-7.59,-5.26,1
active_610,-6.06,-6.04,-7.2,-5.11,0
active_611,-5.68,-5.61,-7.12,-4.84,0
active_612,-5.99,-5.98,-7.23,-5.06,0
active_613,-5.58,-5.52,-7.02,-4.68,0
active_614,-5.79,-5.78,-7.01,-4.86,0
active_615,-5.66,-5.62,-7.01,-4.73,0
active_616,-5.35,-5.29,-6.6,-4.47,0
active_617,-5.54,-5.51,-6.68,-4.41,0
active_618,-5.62,-5.59,-6.67,-4.64,0
active_619,-5.87,-5.85,-7.11,-4.78,0
active_62,-6.13,-6.01,-7.84,-5.21,1
active_620,-6.02,-6.02,-7.29,-5.06,0
active_621,-6.0,-5.98,-7.22,-4.87,0
active_622,-5.99,-5.96,-7.02,-4.9,0
active_623,-5.9,-5.88,-7.27,-4.92,0
active_624,-5.92,-5.86,-7.29,-4.9,0
active_625,-5.83,-5.8,-7.45,-4.89,0
active_626,-5.82,-5.8,-6.93,-4.95,0
active_627,-5.92,-5.92,-7.02,-4.92,0
active_628,-5.89,-5.87,-7.29,-5.01,0
active_629,-5.83,-5.8,-6.87,-5.07,0
active_63,-6.19,-6.1,-7.76,-5.35,1
active_630,-5.8,-5.78,-7.11,-4.73,0
active_631,-5.84,-5.84,-7.12,-4.91,0
active_632,-5.94,-5.96,-7.35,-4.83,0
active_633,-5.72,-5.69,-7.16,-4.74,0
active_634,-5.76,-5.73,-6.93,-4.85,0
active_635,-5.93,-5.93,-7.06,-4.84,0
active_636,-6.0,-5.95,-7.28,-5.26,0
active_637,-6.0,-5.98,-6.98,-5.07,0
active_638,-5.88,-5.84,-7.06,-4.97,0
active_639,-5.61,-5.56,-7.24,-4.72,0
active_64,-6.2,-6.09,-7.63,-5.22,1
active_640,-5.87,-5.86,-7.27,-4.95,0
active_641,-5.98,-5.97,-7.19,-4.92,0
active_642,-5.91,-5.86,-7.19,-5.01,0
active_643,-5.96,-5.95,-7.21,-5.07,0
active_644,-5.82,-5.8,-7.06,-4.84,0
active_645,-5.98,-5.98,-7.01,-4.99,0
active_646,-5.81,-5.78,-7.27,-4.9,0
active_647,-5.72,-5.66,-7.11,-4.87,0
active_648,-5.89,-5.87,-7.18,-4.95,0
active_649,-5.76,-5.69,-7.12,-4.89,0
active_65,-6.19,-6.1,-7.74,-5.25,1
active_650,-5.55,-5.51,-6.78,-4.65,0
active_651,-5.9,-5.89,-6.97,-4.9,0
active_652,-5.97,-5.94,-7.39,-5.15,0
active_653,-5.82,-5.78,-6.88,-4.67,0
active_654,-5.88,-5.88,-6.96,-4.96,0
active_655,-5.83,-5.81,-6.92,-4.93,0
active_656,-5.72,-5.67,-7.07,-4.81,0
active_657,-5.89,-5.89,-7.41,-4.76,0
active_658,-5.79,-5.78,-7.12,-4.86,0
active_659,-5.85,-5.81,-7.2,-5.05,0
active_66,-6.12,-6.04,-8.05,-5.26,1
active_660,-5.81,-5.78,-6.96,-4.88,0
active_661,-5.94,-5.94,-7.53,-4.87,0
active_662,-5.85,-5.83,-7.36,-4.83,0
active_663,-5.94,-5.93,-7.05,-4.92,0
active_664,-5.8,-5.76,-7.23,-4.81,0
active_665,-5.92,-5.92,-7.4,-4.94,0
active_666,-5.9,-5.9,-7.31,-4.69,0
active_667,-5.92,-5.89,-7.4,-4.94,0
active_668,-5.84,-5.81,-6.84,-4.94,0
active_669,-5.89,-5.88,-7.31,-4.82,0
active_67,-6.16,-6.07,-7.82,-5.36,1
active_670,-5.92,-5.89,-7.35,-4.99,0
active_671,-5.81,-5.77,-7.26,-4.94,0
active_672,-5.32,-5.28,-6.88,-4.79,0
active_673,-5.29,-5.27,-6.6,-4.58,0
active_674,-5.36,-5.33,-6.9,-4.63,0
active_675,-5.39,-5.37,-6.72,-4.72,0
active_676,-5.47,-5.45,-6.64,-4.74,0
active_677,-5.26,-5.24,-6.64,-4.51,0
active_678,-6.0,-5.93,-7.44,-5.31,0
active_679,-5.21,-5.14,-7.09,-4.15,0
active_68,-6.16,-6.07,-7.93,-5.38,1
active_680,-5.26,-5.23,-6.98,-4.61,0
active_681,-5.17,-5.15,-6.72,-4.56,0
active_682,-5.71,-5.65,-7.17,-3.07,0
active_683,-5.35,-5.35,-6.79,-4.67,0
active_684,-5.5,-5.49,-6.69,-4.72,0
active_685,-5.34,-5.32,-6.73,-4.61,0
active_686,-5.26,-5.23,-6.95,-4.63,0
active_687,-5.23,-5.21,-6.79,-4.63,0
active_688,-5.2,-5.17,-6.77,-4.57,0
active_689,-5.02,-4.99,-6.61,-4.33,0
active_69,-6.01,-5.91,-7.55,-5.12,1
active_690,-5.29,-5.28,-6.45,-4.6,0
active_691,-5.3,-5.27,-6.59,-4.6,0
active_692,-6.08,-6.03,-7.47,-5.26,0
active_693,-5.85,-5.8,-7.33,-4.95,0
active_694,-5.39,-5.37,-6.7,-4.72,0
active_695,-5.18,-5.16,-6.77,-4.48,0
active_696,-5.14,-5.11,-6.5,-4.48,0
active_697,-5.33,-5.24,-6.89,-3.56,0
active_698,-5.24,-5.17,-6.79,-3.84,0
active_699,-5.22,-5.14,-6.86,-3.7,0
active_7,-5.93,-5.88,-7.7,-4.0,1
active_70,-6.13,-6.06,-7.92,-5.45,1
active_700,-5.36,-5.3,-6.95,-4.44,0
active_701,-5.68,-5.58,-7.34,-4.93,0
active_702,-5.39,-5.29,-7.18,-4.35,0
active_703,-5.5,-5.43,-7.12,-4.65,0
active_704,-5.26,-5.22,-6.84,-4.47,0
active_705,-5.19,-5.08,-7.1,-4.57,0
active_706,-5.3,-5.26,-6.97,-2.71,0
active_707,-5.19,-5.11,-6.91,-3.54,0
active_708,-5.16,-5.14,-6.68,-4.49,0
active_709,-5.25,-5.22,-6.71,-4.5,0
active_71,-5.9,-5.84,-7.7,-5.17,1
active_710,-5.62,-5.59,-7.12,-3.42,0
active_711,-5.27,-5.19,-6.88,-4.46,0
active_712,-5.16,-5.1,-6.82,-2.81,0
active_713,-4.89,-4.85,-6.6,-4.0,0
active_714,-4.95,-4.87,-6.56,-4.02,0
active_715,-5.2,-5.11,-6.81,-3.63,0
active_716,-5.2,-5.14,-6.8,-3.46,0
active_717,-5.35,-5.26,-6.85,-4.58,0
active_718,-5.36,-5.29,-6.9,-3.82,0
active_719,-5.75,-5.7,-7.29,-4.81,0
active_72,-6.13,-6.03,-7.65,-5.3,1
active_720,-5.79,-5.74,-7.31,-4.88,0
active_721,-5.4,-5.31,-7.0,-4.62,0
active_722,-5.61,-5.52,-7.54,-4.68,0
active_723,-5.66,-5.57,-7.33,-4.87,0
active_724,-5.62,-5.54,-7.22,-4.85,0
active_725,-5.61,-5.53,-7.52,-4.64,0
active_726,-5.63,-5.55,-7.27,-4.92,0
active_727,-5.62,-5.53,-7.19,-4.51,0
active_728,-5.51,-5.46,-6.99,-4.67,0
active_729,-5.09,-5.03,-6.64,-4.28,0
active_73,-5.96,-5.91,-7.51,-5.24,1
active_730,-5.74,-5.66,-7.36,-4.91,0
active_731,-5.4,-5.37,-6.76,-4.76,0
active_732,-5.76,-5.67,-7.45,-4.73,0
active_733,-5.52,-5.43,-7.13,-4.83,0
active_734,-5.74,-5.69,-7.38,-4.68,0
active_735,-5.78,-5.75,-7.32,-4.52,0
active_736,-4.58,-4.43,-6.31,-3.7,0
active_737,-5.43,-5.35,-7.01,-4.67,0
active_738,-6.26,-6.23,-7.32,-5.43,0
active_739,-6.29,-6.25,-7.35,-5.34,0
active_74,-6.08,-5.99,-7.56,-5.19,1
active_740,-6.18,-6.15,-7.36,-5.34,0
active_741,-5.47,-5.42,-6.64,-4.66,0
active_742,-5.59,-5.53,-6.61,-4.91,0
active_743,-6.03,-6.04,-7.12,-5.01,0
active_744,-6.01,-5.99,-7.33,-4.95,0
active_745,-6.23,-6.2,-7.44,-5.27,0
active_746,-5.55,-5.48,-7.21,-4.7,0
active_747,-5.53,-5.46,-7.03,-4.78,0
active_748,-5.87,-5.83,-7.23,-5.18,0
active_749,-5.68,-5.6,-7.29,-4.91,0
active_75,-6.08,-5.97,-7.62,-5.21,1
active_750,-5.74,-5.67,-7.38,-5.03,0
active_751,-5.62,-5.56,-7.31,-4.91,0
active_752,-5.8,-5.76,-7.28,-5.1,0
active_753,-5.78,-5.74,-7.21,-5.0,0
active_754,-5.88,-5.81,-7.5,-5.04,0
active_755,-5.71,-5.66,-7.0,-4.95,0
active_756,-5.76,-5.71,-7.4,-4.86,0
active_757,-5.66,-5.6,-7.28,-4.94,0
active_758,-5.69,-5.61,-7.23,-4.94,0
active_759,-5.76,-5.71,-7.27,-5.0,0
active_76,-6.07,-5.97,-7.7,-5.18,1
active_760,-5.77,-5.71,-7.41,-5.04,0
active_761,-5.84,-5.81,-7.1,-5.1,0
active_762,-5.6,-5.52,-7.02,-4.76,0
active_763,-5.91,-5.86,-7.52,-5.13,0
active_764,-5.54,-5.46,-6.85,-4.77,0
active_765,-6.03,-5.98,-7.03,-5.02,0
active_766,-5.77,-5.71,-7.46,-5.1,0
active_767,-5.89,-5.82,-7.27,-5.11,0
active_768,-6.46,-6.21,-7.93,-5.22,0
active_769,-6.01,-5.85,-7.77,-4.98,0
active_77,-5.32,-5.24,-6.64,-4.44,1
active_770,-6.08,-5.97,-7.72,-5.12,0
active_771,-6.12,-5.95,-7.72,-5.1,0
active_772,-6.29,-6.18,-7.91,-5.36,0
active_773,-6.3,-6.13,-7.89,-5.1,0
active_774,-6.05,-5.89,-7.64,-5.13,0
active_775,-6.16,-6.06,-7.65,-5.24,0
active_776,-6.51,-6.39,-8.24,-5.35,0
active_777,-6.31,-6.18,-7.85,-5.33,0
active_778,-6.74,-6.64,-8.23,-5.58,0
active_779,-6.72,-6.52,-8.36,-5.56,0
active_78,-6.26,-6.1,-7.97,-5.28,1
active_780,-6.64,-6.4,-8.32,-5.38,0
active_781,-6.16,-6.06,-7.8,-5.42,0
active_782,-5.7,-5.61,-7.28,-4.39,0
active_783,-6.26,-6.16,-7.8,-5.37,0
active_784,-5.41,-5.37,-6.6,-4.72,0
active_785,-5.82,-5.76,-7.0,-4.84,0
active_786,-5.4,-5.33,-6.92,-4.57,0
active_787,-5.74,-5.62,-7.47,-2.68,0
active_788,-6.08,-5.99,-7.55,-4.96,0
active_789,-6.1,-6.06,-7.44,-5.35,0
active_79,-6.42,-6.37,-7.89,-5.64,1
active_790,-5.45,-5.36,-6.89,-4.45,0
active_791,-5.8,-5.68,-7.23,-4.75,0
active_792,-5.7,-5.63,-7.29,-3.91,0
active_793,-5.85,-5.78,-7.51,-5.13,0
active_794,-5.7,-5.65,-7.33,-4.87,0
active_795,-6.42,-6.28,-8.09,-5.5,0
active_796,-5.68,-5.63,-6.93,-4.95,0
active_797,-5.69,-5.61,-7.41,-4.83,0
active_798,-5.98,-5.93,-7.49,-5.24,0
active_799,-6.13,-6.07,-7.58,-5.32,0
active_8,-5.81,-5.77,-7.58,-4.0,1
active_80,-6.3,-6.22,-8.11,-5.49,1
active_800,-6.13,-6.07,-7.41,-5.27,0
active_801,-6.15,-6.12,-7.29,-5.54,0
active_802,-6.09,-6.03,-7.49,-5.2,0
active_803,-6.06,-6.03,-7.24,-5.2,0
active_804,-6.18,-6.13,-7.6,-5.34,0
active_805,-6.03,-5.97,-7.92,-5.26,0
active_806,-5.92,-5.87,-7.23,-5.12,0
active_807,-6.03,-5.97,-7.81,-5.26,0
active_808,-6.21,-6.19,-7.5,-5.33,0
active_809,-6.17,-6.13,-7.26,-5.11,0
active_81,-6.26,-6.17,-7.7,-5.36,1
active_810,-5.79,-5.73,-6.94,-4.85,0
active_811,-6.02,-5.93,-7.71,-5.07,0
active_812,-6.33,-6.21,-8.13,-5.48,0
active_813,-5.85,-5.8,-7.23,-5.02,0
active_814,-5.96,-5.91,-7.56,-5.3,0
active_815,-6.02,-5.98,-7.36,-5.34,0
active_816,-5.96,-5.89,-7.35,-5.16,0
active_817,-5.97,-5.9,-7.52,-5.2,0
active_818,-5.8,-5.75,-7.4,-5.02,0
active_819,-6.0,-5.94,-7.57,-5.2,0
active_82,-6.35,-6.28,-7.7,-5.51,1
active_820,-5.92,-5.86,-7.42,-5.1,0
active_821,-5.77,-5.71,-7.56,-5.04,0
active_822,-5.78,-5.75,-6.84,-5.02,0
active_823,-6.0,-5.96,-7.45,-5.23,0
active_824,-5.8,-5.75,-7.45,-5.14,0
active_825,-5.75,-5.7,-7.0,-4.87,0
active_826,-5.78,-5.74,-7.47,-5.05,0
active_827,-5.76,-5.7,-7.31,-5.02,0
active_828,-5.74,-5.71,-7.13,-5.02,0
active_829,-5.82,-5.79,-7.17,-4.99,0
active_83,-6.38,-6.29,-8.24,-5.6,1
active_830,-5.77,-5.71,-7.49,-4.9,0
active_831,-5.9,-5.87,-7.36,-5.19,0
active_832,-5.88,-5.84,-7.4,-5.21,0
active_833,-5.93,-5.88,-7.25,-5.3,0
active_834,-5.99,-5.94,-7.51,-5.25,0
active_835,-5.97,-5.92,-7.36,-5.02,0
active_836,-5.96,-5.92,-7.14,-5.24,0
active_837,-5.97,-5.89,-7.31,-5.2,0
active_838,-5.9,-5.86,-7.0,-5.07,0
active_839,-5.87,-5.79,-7.69,-5.03,0
active_84,-6.52,-6.4,-8.09,-5.58,1
active_840,-5.89,-5.85,-7.4,-5.24,0
active_841,-5.91,-5.85,-7.55,-5.12,0
active_842,-6.04,-5.98,-7.51,-5.34,0
active_843,-5.83,-5.78,-7.72,-5.06,0
active_844,-5.88,-5.85,-7.26,-5.12,0
active_845,-6.6,-6.41,-8.17,-5.33,0
active_846,-6.67,-6.51,-8.36,-5.29,0
active_847,-6.09,-6.03,-7.36,-5.25,0
active_848,-6.08,-6.04,-7.32,-5.33,0
active_849,-6.16,-6.11,-7.63,-5.43,0
active_85,-6.23,-6.1,-8.12,-5.38,1
active_850,-5.98,-5.96,-7.44,-5.07,0
active_851,-5.98,-5.92,-7.25,-5.11,0
active_852,-6.31,-6.27,-7.28,-5.56,0
active_853,-4.99,-4.94,-6.18,-4.23,0
active_854,-5.49,-5.41,-6.84,-4.75,0
active_855,-5.06,-5.01,-6.51,-4.35,0
active_856,-6.1,-6.03,-7.5,-5.26,0
active_857,-6.13,-6.07,-7.38,-5.39,0
active_858,-6.45,-6.32,-7.96,-5.49,0
active_859,-6.14,-6.07,-7.35,-5.4,0
active_86,-6.35,-6.29,-7.73,-5.41,1
active_860,-5.85,-5.78,-7.32,-5.19,0
active_861,-5.55,-5.46,-7.2,-4.79,0
active_862,-5.97,-5.89,-7.65,-5.24,0
active_863,-5.91,-5.82,-7.33,-5.27,0
active_864,-5.87,-5.78,-7.4,-5.14,0
active_865,-5.53,-5.47,-6.85,-4.66,0
active_866,-5.87,-5.8,-7.41,-5.18,0
active_867,-5.78,-5.74,-7.26,-4.98,0
active_868,-5.77,-5.71,-7.21,-5.03,0
active_869,-5.75,-5.69,-7.52,-4.97,0
active_87,-6.51,-6.37,-7.82,-5.7,1
active_870,-5.79,-5.73,-7.39,-5.07,0
active_871,-6.56,-6.43,-7.97,-5.48,0
active_872,-5.63,-5.58,-6.91,-4.92,0
active_873,-5.88,-5.81,-7.4,-5.19,0
active_874,-5.67,-5.63,-7.38,-4.98,0
active_875,-5.55,-5.52,-6.98,-4.69,0
active_876,-5.69,-5.65,-7.18,-4.92,0
active_877,-6.41,-6.3,-7.99,-5.46,0
active_878,-5.65,-5.62,-6.83,-4.9,0
active_879,-5.84,-5.78,-7.54,-5.08,0
active_88,-6.38,-6.28,-8.0,-5.57,1
active_880,-5.71,-5.65,-7.16,-4.9,0
active_881,-5.77,-5.71,-7.45,-4.99,0
active_882,-5.69,-5.64,-7.06,-4.93,0
active_883,-5.64,-5.58,-7.33,-4.82,0
active_884,-5.89,-5.82,-7.33,-5.17,0
active_885,-5.81,-5.73,-7.61,-4.98,0
active_886,-5.78,-5.7,-7.28,-4.94,0
active_887,-5.69,-5.63,-7.27,-4.87,0
active_888,-5.97,-5.9,-7.26,-5.17,0
active_889,-5.8,-5.73,-7.55,-5.05,0
active_89,-6.26,-6.15,-7.64,-5.5,1
active_890,-5.75,-5.72,-7.27,-5.08,0
active_891,-6.27,-6.08,-7.85,-5.12,0
active_892,-7.11,-7.03,-8.7,-5.76,0
active_893,-6.1,-6.0,-7.86,-5.25,0
active_894,-6.28,-6.09,-7.87,-5.11,0
active_895,-6.16,-6.06,-8.01,-5.18,0
active_896,-5.89,-5.76,-7.43,-4.93,0
active_897,-6.1,-5.93,-7.77,-5.25,0
active_898,-6.14,-5.99,-7.66,-5.04,0
active_899,-6.31,-6.13,-7.94,-5.39,0
active_9,-6.14,-6.13,-8.01,-3.24,1
active_90,-6.18,-6.12,-7.76,-5.35,1
active_900,-5.71,-5.62,-7.32,-3.32,0
active_901,-6.54,-6.34,-8.16,-5.39,0
active_902,-5.94,-5.84,-7.77,-5.03,0
active_903,-6.26,-6.1,-7.78,-5.33,0
active_904,-6.04,-5.91,-7.51,-5.08,0
active_905,-6.14,-5.98,-7.77,-5.18,0
active_906,-6.56,-6.4,-8.0,-5.44,0
active_907,-6.13,-6.07,-7.5,-5.45,0
active_908,-6.23,-6.15,-7.82,-5.31,0
active_909,-6.85,-6.75,-8.31,-5.52,0
active_91,-6.08,-6.01,-7.76,-5.41,1
active_910,-6.69,-6.49,-8.12,-5.54,0
active_911,-7.17,-7.14,-8.66,-5.73,0
active_912,-7.04,-7.09,-8.55,-5.68,0
active_913,-6.68,-6.43,-8.05,-5.44,0
active_914,-6.47,-6.34,-8.01,-5.39,0
active_915,-6.43,-6.3,-8.26,-5.37,0
active_916,-6.88,-6.8,-8.18,-5.91,0
active_917,-6.45,-6.23,-8.14,-5.21,0
active_918,-6.61,-6.49,-8.33,-5.41,0
active_919,-6.29,-6.23,-7.9,-5.35,0
active_92,-6.27,-6.18,-8.15,-5.44,1
active_920,-6.77,-6.57,-8.32,-5.21,0
active_921,-6.81,-6.64,-8.49,-5.38,0
active_922,-6.85,-6.76,-8.25,-5.43,0
active_923,-6.41,-6.21,-8.0,-5.17,0
active_924,-6.13,-6.01,-7.79,-5.4,0
active_925,-6.74,-6.53,-8.31,-5.45,0
active_926,-5.72,-5.65,-7.25,-4.33,0
active_927,-6.16,-5.98,-7.85,-5.16,0
active_928,-6.83,-6.79,-8.32,-5.32,0
active_929,-6.14,-5.95,-7.84,-5.12,0
active_93,-6.4,-6.31,-8.35,-5.56,1
active_930,-7.13,-7.15,-8.5,-5.58,0
active_931,-6.24,-6.11,-7.75,-5.41,0
active_932,-6.64,-6.4,-8.14,-5.41,0
active_933,-6.48,-6.37,-7.92,-5.29,0
active_934,-6.25,-6.12,-7.85,-5.52,0
active_935,-6.67,-6.52,-8.45,-5.59,0
active_936,-5.31,-5.28,-6.44,-4.39,0
active_937,-6.4,-6.27,-7.8,-5.54,0
active_938,-6.1,-6.04,-7.44,-5.23,0
active_939,-5.98,-5.91,-7.59,-5.25,0
active_94,-6.12,-6.02,-7.63,-5.33,1
active_940,-6.73,-6.65,-8.23,-5.64,0
active_941,-5.21,-5.13,-6.54,-4.47,0
active_942,-5.77,-5.67,-7.51,-3.54,0
active_943,-6.23,-6.12,-7.81,-5.48,0
active_944,-6.32,-6.1,-7.83,-5.13,0
active_945,-6.7,-6.49,-8.22,-5.4,0
active_946,-6.36,-6.16,-7.8,-5.19,0
active_947,-6.22,-6.19,-7.66,-5.42,0
active_948,-6.19,-6.06,-7.75,-5.43,0
active_949,-6.26,-6.08,-7.86,-5.3,0
active_95,-6.14,-6.07,-7.81,-5.3,1
active_950,-5.92,-5.88,-6.97,-5.07,0
active_951,-5.91,-5.86,-6.99,-5.09,0
active_952,-5.91,-5.82,-7.16,-4.98,0
active_953,-5.88,-5.87,-6.87,-5.23,0
active_954,-5.81,-5.78,-6.91,-5.15,0
active_955,-5.72,-5.63,-6.91,-5.03,0
active_956,-5.87,-5.84,-6.93,-5.07,0
active_957,-5.56,-5.49,-7.0,-4.88,0
active_958,-5.74,-5.65,-6.99,-5.03,0
active_959,-5.74,-5.64,-6.92,-5.01,0
active_96,-6.04,-5.95,-7.6,-5.28,1
active_960,-5.72,-5.64,-6.99,-5.03,0
active_961,-5.91,-5.86,-6.91,-5.22,0
active_962,-5.87,-5.84,-6.95,-5.16,0
active_963,-6.01,-5.95,-7.01,-5.36,0
active_964,-5.9,-5.85,-6.97,-5.14,0
active_965,-5.43,-5.36,-6.59,-4.64,0
active_966,-5.67,-5.58,-7.14,-4.9,0
active_967,-6.0,-5.94,-7.02,-5.31,0
active_968,-5.89,-5.87,-6.9,-5.08,0
active_969,-5.97,-5.92,-6.94,-5.37,0
active_97,-6.37,-6.25,-7.98,-5.25,1
active_970,-5.7,-5.63,-6.78,-4.96,0
active_971,-5.79,-5.74,-6.76,-5.08,0
active_972,-5.61,-5.54,-6.63,-4.84,0
active_973,-5.59,-5.55,-7.28,-4.83,0
active_974,-6.34,-6.3,-7.51,-5.66,0
active_975,-5.78,-5.7,-6.78,-5.1,0
active_976,-5.58,-5.51,-6.84,-4.83,0
active_977,-5.49,-5.45,-6.76,-4.64,0
active_978,-5.44,-5.39,-6.81,-4.67,0
active_979,-5.51,-5.45,-6.82,-4.7,0
active_98,-6.09,-6.0,-7.61,-5.23,1
active_980,-5.53,-5.48,-6.86,-4.69,0
active_981,-5.55,-5.49,-6.75,-4.67,0
active_982,-5.6,-5.55,-6.79,-4.84,0
active_983,-5.42,-5.36,-6.68,-4.68,0
active_984,-5.61,-5.56,-6.71,-4.68,0
active_985,-5.4,-5.35,-6.66,-4.57,0
active_986,-5.36,-5.31,-6.43,-4.48,0
active_987,-5.4,-5.34,-6.52,-4.64,0
active_988,-5.47,-5.44,-6.66,-4.68,0
active_989,-5.33,-5.29,-6.65,-4.46,0
active_99,-6.28,-6.16,-7.96,-5.46,1
active_990,-5.78,-5.73,-6.88,-5.1,0
active_991,-5.74,-5.68,-6.96,-4.93,0
active_992,-5.6,-5.56,-6.68,-4.73,0
active_993,-5.75,-5.7,-6.8,-5.03,0
active_994,-5.74,-5.7,-6.78,-5.09,0
active_995,-5.76,-5.7,-6.85,-5.01,0
active_996,-5.61,-5.56,-6.63,-4.82,0
active_997,-5.57,-5.54,-6.66,-4.58,0
active_998,-5.61,-5.56,-6.9,-4.79,0
active_999,-5.62,-5.56,-6.61,-4.7,0
